6,8,3,19,16,0.305758
6,8,3,18.5,16,0.3656556
6,8,3.5,18.5,16,0.3820808
6,7.5,3.5,18.5,16,0.4331995
5.5,7.5,3.5,18.5,16,0.3769632
5.5,8,3.5,18.5,16,0.319674
6,8,3.5,18.5,16,0.3174097
6,8,3.5,18.5,15.5,0.314279
6,8,4,18.5,15.5,0.3130441
6,8,4,18,15.5,0.3218867
6,8,4,18.5,15.5,0.309447
6,8,4,18,15.5,0.3622632
6,8,4.5,18,15.5,0.3621087
5.5,8,4.5,18,15.5,0.372162
5.5,7.5,4.5,18,15.5,0.3719523
5.5,7.5,4,18,15.5,0.3223121
5.5,7.5,4,18,16,0.3187998
5.5,8,4,18,16,0.2568353
5.5,7.5,4,18,16,0.324926
5.5,7.5,4,18,16.5,0.368614
5,7.5,4,18,16.5,0.3173644
5,7.5,4,18,16,0.3206753
5,7,4,18,16,0.3191751
5,7,4,18,16.5,0.3705983
5,7.5,4,18,16.5,0.366067
5,7.5,4,18,17,0.3081824
5,7.5,3.5,18,17,0.3188081
5,7.5,3,18,17,0.3144036
5,7.5,3.5,18,17,0.322062
5,7.5,3.5,17.5,17,0.3132709
5,7.5,3,17.5,17,0.2627668
5,7.5,3,17,17,0.325169
5,7.5,3,16.5,17,0.3734337
5,7.5,3,16,17,0.3207659
5,7.5,3,16,17.5,0.3084473
5,7.5,3,15.5,17.5,0.3786736
5,7.5,2.5,15.5,17.5,0.3177049
5.5,7.5,2.5,15.5,17.5,0.3642038
5.5,8,2.5,15.5,17.5,0.3228787
5.5,8.5,2.5,15.5,17.5,0.3130786
5.5,8.5,2.5,15.5,17,0.3770902
5.5,8,2.5,15.5,17,0.3696681
5,8,2.5,15.5,17,0.3175814
5,8,3,15.5,17,0.3617052
5,8,3,15.5,17.5,0.3670711
5,8,3,15.5,17,0.3063259
5,7.5,3,15.5,17,0.3698148
4.5,7.5,3,15.5,17,0.3144994
4.5,7,3,15.5,17,0.3311019
4.5,7,3,16,17,0.3739078
4.5,7,3,15.5,17,0.3041785
4.5,7,3,15.5,17.5,0.3249448
4.5,7.5,3,15.5,17.5,0.3649322
4.5,7,3,15.5,17.5,0.3786563
5,7,3,15.5,17.5,0.3204485
5,7,3,16,17.5,0.3270516
5,7,2.5,16,17.5,0.4353687
5,7.5,2.5,16,17.5,0.2553681
5,7.5,2,16,17.5,0.3083374
5,8,2,16,17.5,0.371752
5,8,2,15.5,17.5,0.4302797
5,8,1.5,15.5,17.5,0.3275957
4.5,8,1.5,15.5,17.5,0.3591797
4.5,8,1.5,15.5,17,0.4287134
5,8,1.5,15.5,17,0.254462
5,8,1.5,15.5,17.5,0.3123466
5.5,8,1.5,15.5,17.5,0.3753885
5.5,8,1,15.5,17.5,0.2428239
5.5,7.5,1,15.5,17.5,0.3679532
5,7.5,1,15.5,17.5,0.3692542
5,7.5,1,15,17.5,0.312124
5.5,7.5,1,15,17.5,0.3244721
5.5,8,1,15,17.5,0.3734125
6,8,1,15,17.5,0.3304516
6,8,1,15,18,0.3874497
6,8,0.5,15,18,0.4376878
5.5,8,0.5,15,18,0.3700092
5,8,0.5,15,18,0.377084
5,8,0.5,14.5,18,0.3790712
5,8,0.5,15,18,0.3692029
5,8,0.5,14.5,18,0.3829341
5,8,1,14.5,18,0.3153836
4.5,8,1,14.5,18,0.3807691
4.5,8,0.5,14.5,18,0.3749939
4.5,8,1,14.5,18,0.3746262
4.5,8,0.5,14.5,18,0.3169796
5,8,0.5,14.5,18,0.3214527
5,8.5,0.5,14.5,18,0.3656771
5,8.5,0.5,14.5,18.5,0.3783572
5,8.5,0.5,14.5,18,0.368504
5.5,8.5,0.5,14.5,18,0.3660105
5.5,8,0.5,14.5,18,0.3285865
5.5,8,0.5,14.5,18.5,0.3713002
5.5,8,0,14.5,18.5,0.3045889
5,8,0,14.5,18.5,0.3724982
4.5,8,0,14.5,18.5,0.3832881
4.5,8.5,0,14.5,18.5,0.3172266
4.5,8.5,0,14,18.5,0.3180278
4.5,8.5,0,14,19,0.3755848
4.5,8.5,0,14,19.5,0.3207326
4,8.5,0,14,19.5,0.3224121
4,8.5,0,14.5,19.5,0.3137044
4,8.5,0.5,14.5,19.5,0.3781863
4,9,0.5,14.5,19.5,0.3084875
4,9,0,14.5,19.5,0.3707928
4,9,0,14.5,20,0.3760637
3.5,9,0,14.5,20,0.3693337

9,19,14,9,14,0.367354
9,18.5,14,9,14,0.3791963
9,18.5,14.5,9,14,0.3709327
9,18.5,14,9,14,0.3648664
9,19,14,9,14,0.4149064
9,19,14,9.5,14,0.3087885
9,19,13.5,9.5,14,0.3213243
9,19,14,9.5,14,0.3143075
9,19,14,9.5,14.5,0.3737603
9,19,14,9.5,15,0.3207916
9,19,14,9.5,14.5,0.3653446
9,19,14,9.5,14,0.3193623
9,19,14.5,9.5,14,0.3758181
9,19.5,14.5,9.5,14,0.3813846
9,20,14.5,9.5,14,0.3868151
8.5,20,14.5,9.5,14,0.3725782
8,20,14.5,9.5,14,0.3752799
8.5,20,14.5,9.5,14,0.37643
8.5,19.5,14.5,9.5,14,0.3760403
8.5,19.5,14,9.5,14,0.3640358
8.5,19.5,14,10,14,0.3801751
8.5,19.5,13.5,10,14,0.4311658
8.5,19.5,13.5,10,14.5,0.3736736
8,19.5,13.5,10,14.5,0.3135199
8,19.5,13.5,10,14,0.3088447
8,19.5,13.5,10,14.5,0.3703745
8,19.5,13.5,10,15,0.3656923
8,19.5,13.5,9.5,15,0.3786486
8,19.5,13.5,9.5,14.5,0.4292569
8.5,19.5,13.5,9.5,14.5,0.3731122
8.5,19.5,14,9.5,14.5,0.3048577
8.5,19.5,14,9.5,15,0.4321621
8.5,19,14,9.5,15,0.3702146
8.5,19.5,14,9.5,15,0.3756847
9,19.5,14,9.5,15,0.3744831
9,19.5,14,9,15,0.3168889
9,19,14,9,15,0.3180891
9,18.5,14,9,15,0.3042986
9,18.5,14,9,14.5,0.4158808
9,18.5,14,9.5,14.5,0.3799748
9,18.5,13.5,9.5,14.5,0.4369015
9.5,18.5,13.5,9.5,14.5,0.366715
9.5,18,13.5,9.5,14.5,0.4359156
9.5,18,13.5,9,14.5,0.3722333
9.5,18,13,9,14.5,0.378268
9.5,18,13.5,9,14.5,0.3673214
9.5,18,13,9,14.5,0.3778665
9.5,18,13,9,15,0.3736555
9.5,18,13,8.5,15,0.3773257
9.5,18,13,8,15,0.3816328
9.5,18,12.5,8,15,0.3228291
9.5,18,12.5,8,15.5,0.4264023
9.5,17.5,12.5,8,15.5,0.3717354
9,17.5,12.5,8,15.5,0.4242523
9.5,17.5,12.5,8,15.5,0.3175139
9.5,17,12.5,8,15.5,0.3763035
9.5,17,12.5,8.5,15.5,0.4292527
9.5,17,12.5,8.5,15,0.3103662
9.5,16.5,12.5,8.5,15,0.3758296
9.5,16.5,12.5,8.5,14.5,0.3782535
10,16.5,12.5,8.5,14.5,0.3792258
10,16.5,12,8.5,14.5,0.3719044
10,16.5,12.5,8.5,14.5,0.3788262
10,16.5,12,8.5,14.5,0.3643621
10,16.5,12,9,14.5,0.3766443
10,16,12,9,14.5,0.4281417
10,16,11.5,9,14.5,0.4295292
10,15.5,11.5,9,14.5,0.3653849
10,15.5,11.5,9,15,0.3157373
10,15.5,11.5,9,14.5,0.3799663
10,15.5,11,9,14.5,0.4293306
10,15.5,11,9.5,14.5,0.4341756
10,15,11,9.5,14.5,0.3807098
10,15,11,9.5,15,0.4380584
10,15,11.5,9.5,15,0.4309179
10,15,11.5,9,15,0.3653906
10,14.5,11.5,9,15,0.3770548
10.5,14.5,11.5,9,15,0.305475
10.5,14.5,11.5,9.5,15,0.3085252
10.5,14.5,11.5,9.5,14.5,0.3740983
10.5,14.5,11.5,9.5,14,0.4870559
10.5,14.5,11.5,9,14,0.3717846
10.5,14.5,11.5,9,14.5,0.380246
10.5,14,11.5,9,14.5,0.3162669
10,14,11.5,9,14.5,0.3815221
10,14,11.5,9,14,0.3265041
10.5,14,11.5,9,14,0.3277246
10.5,14,11.5,9.5,14,0.3766094
10.5,14,11,9.5,14,0.3798152
10.5,14,11,9.5,13.5,0.3195086
10.5,14.5,11,9.5,13.5,0.4187873
10.5,14.5,11,10,13.5,0.3684435
10.5,14.5,11,10.5,13.5,0.3152233
10.5,14.5,11,10.5,14,0.3800696
10.5,14.5,10.5,10.5,14,0.4280414
10.5,14.5,11,10.5,14,0.31152
10.5,14.5,11,10.5,13.5,0.3688582
10.5,14.5,11,10.5,14,0.3581446
10.5,14.5,11.5,10.5,14,0.3755037
10.5,15,11.5,10.5,14,0.3131679
10.5,15.5,11.5,10.5,14,0.3743134
10.5,15.5,11,10.5,14,0.3681808
10.5,16,11,10.5,14,0.3750894
10.5,16,11,11,14,0.3239
10.5,16,11,11,14.5,0.3179623
10.5,16,11,10.5,14.5,0.3789558
10.5,16.5,11,10.5,14.5,0.3690634
10.5,16.5,11,10.5,15,0.4272827
10.5,16.5,11,11,15,0.3183813
10.5,16.5,11,11.5,15,0.3294165
11,16.5,11,11.5,15,0.3148811
11,16,11,11.5,15,0.383052
11,16,11,11.5,14.5,0.30307
11.5,16,11,11.5,14.5,0.3088521
11.5,16,11.5,11.5,14.5,0.4269252
11.5,16,12,11.5,14.5,0.3280008
11,16,12,11.5,14.5,0.2518636
11,16,11.5,11.5,14.5,0.4242921
11,16,11,11.5,14.5,0.3168649
11,15.5,11,11.5,14.5,0.3189847
11,16,11,11.5,14.5,0.3601823
11,16,11,11,14.5,0.3813628
11,16,11,11,14,0.3722938
11.5,16,11,11,14,0.2562177
11.5,16,11.5,11,14,0.3632644
11.5,16,12,11,14,0.3270067
11.5,16,11.5,11,14,0.3760423
11.5,16,11.5,11,14.5,0.3651926
11.5,16.5,11.5,11,14.5,0.3234682
11.5,16.5,11.5,11.5,14.5,0.3164254
11.5,16.5,11.5,11.5,14,0.3192741
11.5,16.5,11.5,11,14,0.3032732
11.5,16.5,11.5,11.5,14,0.3842328
12,16.5,11.5,11.5,14,0.3800883
12,16,11.5,11.5,14,0.3184125
12.5,16,11.5,11.5,14,0.3150936
12,16,11.5,11.5,14,0.3757437
12,16,11.5,12,14,0.3689554
12,16,11,12,14,0.3809885
12,16,11,11.5,14,0.3103253
12,16,11,11.5,14.5,0.4301372
12,16,11.5,11.5,14.5,0.4237675
12.5,16,11.5,11.5,14.5,0.3179551
12.5,16,11,11.5,14.5,0.3667941
12,16,11,11.5,14.5,0.3156075
12,16,11,12,14.5,0.3096144
12,15.5,11,12,14.5,0.3769904
12,15.5,11,12,15,0.3220368
12,15.5,11,11.5,15,0.3633412
12,15,11,11.5,15,0.3025703
12.5,15,11,11.5,15,0.3809011
12.5,15,11.5,11.5,15,0.3697838
12.5,15,11,11.5,15,0.3231663
12.5,15,11,11,15,0.3805256
12.5,15,11,10.5,15,0.3803656
12.5,15,10.5,10.5,15,0.329529
12.5,15,10.5,10,15,0.3801119
12.5,15,10.5,10.5,15,0.3806038
12.5,15,10.5,10.5,14.5,0.315956
12.5,15.5,10.5,10.5,14.5,0.3155126
12.5,16,10.5,10.5,14.5,0.3085439
12.5,16,10.5,10.5,15,0.3699813
12.5,16.5,10.5,10.5,15,0.3793136
12.5,16.5,10,10.5,15,0.3270468
12.5,16.5,10,10.5,15.5,0.3139598
12.5,16.5,9.5,10.5,15.5,0.3130916
12.5,16.5,9.5,10.5,16,0.371629
12.5,16.5,9.5,11,16,0.3671729
12.5,17,9.5,11,16,0.3804798
12.5,16.5,9.5,11,16,0.3717621
13,16.5,9.5,11,16,0.3119667
13,17,9.5,11,16,0.3741484
13,17,9,11,16,0.2573697
13,16.5,9,11,16,0.2557592

15,8,10,15,18,0.3141365
15,7.5,10,15,18,0.3132704
15,7.5,9.5,15,18,0.3747848
15,7.5,9.5,14.5,18,0.3818161
15,7.5,9.5,14.5,17.5,0.373423
15,7.5,9.5,14,17.5,0.3106995
15,7,9.5,14,17.5,0.3302607
15.5,7,9.5,14,17.5,0.3648057
15.5,7,9.5,14,18,0.2941647
15.5,7,9.5,13.5,18,0.3782016
15.5,6.5,9.5,13.5,18,0.3702501
15.5,6,9.5,13.5,18,0.2662648
15.5,5.5,9.5,13.5,18,0.3696603
15.5,5.5,9,13.5,18,0.3098162
15.5,5.5,9,13.5,18.5,0.3218903
15.5,5.5,9.5,13.5,18.5,0.3171505
15,5.5,9.5,13.5,18.5,0.3639497
15.5,5.5,9.5,13.5,18.5,0.3765224
15.5,5.5,9.5,14,18.5,0.3687547
15.5,5.5,10,14,18.5,0.3226528
15.5,5.5,10,14,19,0.3229094
15.5,5.5,10.5,14,19,0.3762881
15.5,5.5,10.5,13.5,19,0.3096924
15.5,5.5,10.5,13.5,19.5,0.3737882
16,5.5,10.5,13.5,19.5,0.4311473
16,6,10.5,13.5,19.5,0.3159184
16,6,10.5,13.5,19,0.3737957
16,6,10.5,14,19,0.4150752
16,6,10.5,14.5,19,0.3750319
16.5,6,10.5,14.5,19,0.3215262
16.5,6,10,14.5,19,0.3647438
16.5,5.5,10,14.5,19,0.3771981
17,5.5,10,14.5,19,0.3165622
17,5.5,10,14.5,19.5,0.4289283
17,5.5,9.5,14.5,19.5,0.3636635
17,5.5,9,14.5,19.5,0.3048487
17,6,9,14.5,19.5,0.3809193
17,6,9,14,19.5,0.3799651
16.5,6,9,14,19.5,0.3775042
16.5,6,9,14.5,19.5,0.3779301
16.5,6.5,9,14.5,19.5,0.3810764
16.5,6,9,14.5,19.5,0.4229916
16.5,6,9,14.5,20,0.3742349
16.5,6.5,9,14.5,20,0.4250996
16.5,6,9,14.5,20,0.3195128
16.5,6,9.5,14.5,20,0.3173103
16.5,6,9,14.5,20,0.3744336
17,6,9,14.5,20,0.3040674
17.5,6,9,14.5,20,0.3814066
17.5,6,9,14,20,0.3771254
17.5,6,8.5,14,20,0.3029367
17,6,8.5,14,20,0.3809293
17.5,6,8.5,14,20,0.3662943
17.5,6.5,8.5,14,20,0.3161561
17,6.5,8.5,14,20,0.3715224
16.5,6.5,8.5,14,20,0.2506129
16.5,6.5,8.5,14,19.5,0.3720248
16.5,6,8.5,14,19.5,0.3732461
16.5,6,8.5,13.5,19.5,0.2533869
16.5,6,8.5,13.5,20,0.3738077
16.5,5.5,8.5,13.5,20,0.3212598
16.5,5.5,8.5,14,20,0.3236401
17,5.5,8.5,14,20,0.3650715
17,5.5,8.5,14,20.5,0.3750714
17,6,8.5,14,20.5,0.3111098
17,6,9,14,20.5,0.3733492
17,6,9,14.5,20.5,0.2983353
17.5,6,9,14.5,20.5,0.4255877
17.5,5.5,9,14.5,20.5,0.3753683
17.5,5.5,9.5,14.5,20.5,0.3676134
17.5,6,9.5,14.5,20.5,0.3330797
17.5,6,9.5,15,20.5,0.2599705
18,6,9.5,15,20.5,0.3080065
18,6,9,15,20.5,0.3158748
18,6,9,15.5,20.5,0.4363027
18,6,9.5,15.5,20.5,0.3656869
18,5.5,9.5,15.5,20.5,0.4274658
18,5.5,9.5,15,20.5,0.4224094
18.5,5.5,9.5,15,20.5,0.3809927
18.5,6,9.5,15,20.5,0.3711658
18.5,6,9.5,15.5,20.5,0.3720736
18.5,6,9.5,16,20.5,0.3166749
18.5,6,9.5,15.5,20.5,0.3240505
18.5,6,9.5,16,20.5,0.3793487
19,6,9.5,16,20.5,0.3709394
19,6,9.5,16.5,20.5,0.3771014
19,5.5,9.5,16.5,20.5,0.3239649
19,5.5,9.5,16,20.5,0.2418031
19,5.5,9.5,16.5,20.5,0.3868307
19,6,9.5,16.5,20.5,0.3017158
19,6,9.5,17,20.5,0.3172546
19.5,6,9.5,17,20.5,0.3196114
19.5,6.5,9.5,17,20.5,0.375632
19,6.5,9.5,17,20.5,0.312396
19,6.5,9.5,16.5,20.5,0.3683106
19,6.5,9,16.5,20.5,0.3751956
19,6.5,9.5,16.5,20.5,0.3122643
18.5,6.5,9.5,16.5,20.5,0.3865174
18.5,6.5,9.5,17,20.5,0.2539944
18.5,6.5,9.5,17.5,20.5,0.3776943
18.5,6.5,9.5,18,20.5,0.3144231
18.5,6.5,10,18,20.5,0.3752913
18,6.5,10,18,20.5,0.3761056
18,6.5,10,17.5,20.5,0.3190209
18,6.5,10.5,17.5,20.5,0.3657809
18,6.5,10.5,17,20.5,0.3120421
17.5,6.5,10.5,17,20.5,0.3666287
17,6.5,10.5,17,20.5,0.3249181
17,6.5,10,17,20.5,0.3759799
16.5,6.5,10,17,20.5,0.3178425
16.5,6.5,10,17.5,20.5,0.3825895
16.5,6,10,17.5,20.5,0.3816794
16.5,6,10,17,20.5,0.2542731
16,6,10,17,20.5,0.2609389
16,6,10,16.5,20.5,0.3222282
16,6,10,17,20.5,0.3269249
15.5,6,10,17,20.5,0.3204642
16,6,10,17,20.5,0.3665532
15.5,6,10,17,20.5,0.3225054
15.5,6.5,10,17,20.5,0.3056189
15.5,6.5,9.5,17,20.5,0.2984412
15.5,6.5,9,17,20.5,0.3813417
15.5,6.5,9,17.5,20.5,0.3063639
15.5,6.5,8.5,17.5,20.5,0.3309727
15,6.5,8.5,17.5,20.5,0.3102579
15,7,8.5,17.5,20.5,0.3198861
15,6.5,8.5,17.5,20.5,0.3730853
15,6.5,8.5,18,20.5,0.3153023
15,6.5,9,18,20.5,0.2596115
15,6,9,18,20.5,0.3268134
15,6.5,9,18,20.5,0.3608715
15,6.5,9,17.5,20.5,0.3752832
15,6.5,8.5,17.5,20.5,0.3097652
15,6.5,8.5,17,20.5,0.4270994
14.5,6.5,8.5,17,20.5,0.3690523
14,6.5,8.5,17,20.5,0.3213328
14,6.5,9,17,20.5,0.3781834
14,6.5,9.5,17,20.5,0.315333
14,6.5,9.5,16.5,20.5,0.3210454
14,6.5,10,16.5,20.5,0.3831665
14,6.5,10,17,20.5,0.3780656
14,6.5,9.5,17,20.5,0.3235404
14.5,6.5,9.5,17,20.5,0.3816373
14.5,6.5,9.5,17.5,20.5,0.3218518
14.5,6.5,9.5,18,20.5,0.3184966
14,6.5,9.5,18,20.5,0.3180853
14,6.5,10,18,20.5,0.3216354
14,6.5,10,18.5,20.5,0.3107131
13.5,6.5,10,18.5,20.5,0.3096541
13.5,6.5,10,18,20.5,0.3092855
13.5,6,10,18,20.5,0.3131459
14,6,10,18,20.5,0.3744924
14.5,6,10,18,20.5,0.3800822
14.5,6,9.5,18,20.5,0.3609731
14.5,6,9,18,20.5,0.3619036
14,6,9,18,20.5,0.4250435
13.5,6,9,18,20.5,0.3689764
13.5,5.5,9,18,20.5,0.3208584
13.5,5.5,9,18.5,20.5,0.3169265
13.5,5,9,18.5,20.5,0.3166323
13,5,9,18.5,20.5,0.3673369
13,5,9,19,20.5,0.3783581
13,4.5,9,19,20.5,0.3063048
13,4.5,9,18.5,20.5,0.3230106
13,4.5,9.5,18.5,20.5,0.2569134
13,4.5,9.5,18,20.5,0.3080423
13,4,9.5,18,20.5,0.3128443
13,4,9.5,17.5,20.5,0.3122702
13,4,9,17.5,20.5,0.3802086
13,4,9,18,20.5,0.3129282
13,4,8.5,18,20.5,0.3742229
13,4,8.5,17.5,20.5,0.3835231
13,4,8.5,17,20.5,0.3225064
13,4,8,17,20.5,0.3655924
13.5,4,8,17,20.5,0.3728268
13.5,4,8,16.5,20.5,0.3039747
13.5,4,8,17,20.5,0.3193546
13.5,4.5,8,17,20.5,0.3113528
13.5,4,8,17,20.5,0.3068243
13.5,4,7.5,17,20.5,0.3080439
13.5,4,7,17,20.5,0.3077333
14,4,7,17,20.5,0.246471

13,14,13,15,10,0.3235403
13,14,12.5,15,10,0.3103462
13,14,13,15,10,0.3064184
13,14,13,15.5,10,0.3755758
13,14,13,15,10,0.3193789
13,14,13,15,9.5,0.3242075
13,14,13,15.5,9.5,0.3229236
13,14,13,15.5,9,0.3800968
13.5,14,13,15.5,9,0.317454
13.5,14,13.5,15.5,9,0.3142225
13.5,14,14,15.5,9,0.3114807
13.5,14.5,14,15.5,9,0.3208533
13.5,14.5,14,15,9,0.3593262
13.5,14.5,13.5,15,9,0.3706478
13.5,14.5,13.5,15.5,9,0.3719727
13,14.5,13.5,15.5,9,0.3794822
13,15,13.5,15.5,9,0.3798303
12.5,15,13.5,15.5,9,0.3087071
12.5,15,13.5,16,9,0.3720643
12.5,15,13.5,15.5,9,0.38344
12,15,13.5,15.5,9,0.315519
12,14.5,13.5,15.5,9,0.3155399
12,14.5,13.5,15,9,0.3737904
11.5,14.5,13.5,15,9,0.3874156
12,14.5,13.5,15,9,0.3763128
12,14.5,13.5,14.5,9,0.2926588
11.5,14.5,13.5,14.5,9,0.3725486
11.5,14,13.5,14.5,9,0.3249847
11.5,14,13.5,14.5,8.5,0.3814858
11.5,14.5,13.5,14.5,8.5,0.3138654
11.5,14.5,13.5,14.5,9,0.3275806
11.5,15,13.5,14.5,9,0.3300694
11.5,15,13.5,14,9,0.3282834
11.5,15,13.5,14,9.5,0.306855
11.5,15,13,14,9.5,0.256298
11.5,15,13,13.5,9.5,0.3136395
11.5,15,13,13,9.5,0.3149423
11.5,15,13.5,13,9.5,0.317476
11.5,15,13.5,13,10,0.310151
12,15,13.5,13,10,0.3038836
12,15,13.5,13.5,10,0.3244112
11.5,15,13.5,13.5,10,0.30581
11.5,15,13.5,13.5,9.5,0.3186821
11.5,15,13.5,13,9.5,0.3223853
11.5,14.5,13.5,13,9.5,0.2579462
11.5,14.5,13.5,13,10,0.3168764
11.5,14.5,14,13,10,0.4310415
11.5,14.5,14,13,9.5,0.3125383
11,14.5,14,13,9.5,0.2941055
11,14.5,14.5,13,9.5,0.3199623
11,14.5,14.5,12.5,9.5,0.3091953
11,14.5,15,12.5,9.5,0.3165703
11.5,14.5,15,12.5,9.5,0.3028731
11.5,14.5,15.5,12.5,9.5,0.3160946
11.5,14.5,16,12.5,9.5,0.3848433
11.5,15,16,12.5,9.5,0.3742561
11.5,15,16,12.5,9,0.3556761
11.5,15.5,16,12.5,9,0.3231732
11.5,15.5,16,12.5,8.5,0.2639627
11.5,15.5,16,12.5,9,0.3083983
12,15.5,16,12.5,9,0.3162643
12,15.5,16,12,9,0.3115798
12,15.5,16.5,12,9,0.311797
12,16,16.5,12,9,0.3240839
12,16,16,12,9,0.4250212
11.5,16,16,12,9,0.3063106
11,16,16,12,9,0.3641033
10.5,16,16,12,9,0.3639763
11,16,16,12,9,0.3665864
10.5,16,16,12,9,0.377558
10.5,16.5,16,12,9,0.4236811
10.5,16.5,16,12,9.5,0.3763299
10,16.5,16,12,9.5,0.3779793
10,16,16,12,9.5,0.3113787
10,15.5,16,12,9.5,0.3230709
10,15,16,12,9.5,0.3766642
10,15,15.5,12,9.5,0.3754629
10,15,15.5,12.5,9.5,0.365229
10,15.5,15.5,12.5,9.5,0.3173761
10,15.5,15,12.5,9.5,0.3715899
10,16,15,12.5,9.5,0.3697643
9.5,16,15,12.5,9.5,0.318187
9.5,16,15,13,9.5,0.3279172
9.5,16,15,13,9,0.3727549
9.5,16,14.5,13,9,0.3691205
9.5,16,14.5,13.5,9,0.3098263
9.5,16,14,13.5,9,0.3264509
9.5,16,14,13.5,9.5,0.3753584
9.5,15.5,14,13.5,9.5,0.3809295
9,15.5,14,13.5,9.5,0.3774392
9,15,14,13.5,9.5,0.3606
9,15.5,14,13.5,9.5,0.3178947
9,15.5,14.5,13.5,9.5,0.3267698
9,16,14.5,13.5,9.5,0.3161542
9.5,16,14.5,13.5,9.5,0.3109384
10,16,14.5,13.5,9.5,0.3078425
9.5,16,14.5,13.5,9.5,0.3251872
9.5,16,15,13.5,9.5,0.3172383
9.5,16.5,15,13.5,9.5,0.314
9.5,16.5,14.5,13.5,9.5,0.3116561
10,16.5,14.5,13.5,9.5,0.3285726
10,16.5,14,13.5,9.5,0.3167627
10,16,14,13.5,9.5,0.3100621
10,16,14.5,13.5,9.5,0.3082697
10,15.5,14.5,13.5,9.5,0.2968887

14,15,7,9,15,0.378148
13,15,7,9,15,0.3756718
13,15,6,9,15,0.3117751
13,15,6,9,14,0.3132014
13,15,6,10,14,0.3266224
13,15,6,10,15,0.3760991
13,15,6,10,16,0.3740411
13,15,6,10,15,0.3159854
13,15,6,10,16,0.3301161
13,15,7,10,16,0.3648454
13,15,6,10,16,0.3248636
13,15,5,10,16,0.3130658
13,16,5,10,16,0.3742313
13,16,5,9,16,0.3598064
14,16,5,9,16,0.4198864
13,16,5,9,16,0.4157608
13,16,5,10,16,0.303773
13,16,5,9,16,0.3079577
13,16,6,9,16,0.3711756
13,16,5,9,16,0.3759747
13,17,5,9,16,0.3780024
13,17,6,9,16,0.3275432
13,17,6,8,16,0.3634339
13,17,7,8,16,0.3700005
13,18,7,8,16,0.3690951
13,18,7,8,15,0.3700837
13,18,7,8,14,0.3203931
13,18,7,7,14,0.2956453
14,18,7,7,14,0.3041849
14,18,7,8,14,0.3068016
14,18,7,8,15,0.3025383
15,18,7,8,15,0.371445
15,18,6,8,15,0.3141062
14,18,6,8,15,0.3765305
14,18,5,8,15,0.3716377
14,18,4,8,15,0.2513786
14,18,5,8,15,0.3699026
14,18,6,8,15,0.2476047
14,19,6,8,15,0.3814858
14,19,6,9,15,0.3743029
14,19,6,10,15,0.3727501
14,19,6,9,15,0.3005272
14,19,6,8,15,0.3790315
13,19,6,8,15,0.3678245
13,18,6,8,15,0.3756816
12,18,6,8,15,0.368997
12,18,6,9,15,0.3124754
12,17,6,9,15,0.3213766
13,17,6,9,15,0.3831788
12,17,6,9,15,0.3021363
12,17,5,9,15,0.3681891
12,17,5,9,16,0.3176769
12,17,6,9,16,0.3080229
12,17,6,8,16,0.3783365
12,18,6,8,16,0.3680174
12,18,6,9,16,0.3693161
11,18,6,9,16,0.3648883
12,18,6,9,16,0.3823256
12,18,6,10,16,0.3224945
12,17,6,10,16,0.3722152
12,18,6,10,16,0.3546939
12,18,5,10,16,0.3629059
11,18,5,10,16,0.3174501
11,18,5,10,15,0.3158016
11,17,5,10,15,0.3235988
11,16,5,10,15,0.3221883
11,16,5,10,14,0.3164977
11,17,5,10,14,0.3155631
12,17,5,10,14,0.3814443
12,16,5,10,14,0.3721594
12,16,5,11,14,0.3133342
12,16,5,12,14,0.3176483
12,16,6,12,14,0.302618
11,16,6,12,14,0.3126897
11,16,5,12,14,0.3618896
11,15,5,12,14,0.420714
11,15,5,11,14,0.3692321
11,15,5,10,14,0.3243957
11,15,4,10,14,0.3206553
11,15,3,10,14,0.3056056
11,15,4,10,14,0.3195319
11,15,5,10,14,0.3149141
11,15,4,10,14,0.3685797
11,15,5,10,14,0.3777912
11,14,5,10,14,0.3129939
11,14,4,10,14,0.3048628
12,14,4,10,14,0.4312066
11,14,4,10,14,0.3131378
11,15,4,10,14,0.3063462
11,15,4,10,13,0.3213552
11,15,4,11,13,0.320248
11,15,5,11,13,0.3234479
12,15,5,11,13,0.2568105
12,15,4,11,13,0.3173006
12,15,5,11,13,0.311312
11,15,5,11,13,0.3158325
12,15,5,11,13,0.3248406
12,15,5,12,13,0.3686864
11,15,5,12,13,0.3751726
11,15,6,12,13,0.3177031
11,15,6,13,13,0.3130159
10,15,6,13,13,0.3777553
10,15,6,13,12,0.3153437
10,15,6,14,12,0.3161444
10,15,7,14,12,0.3219981
10,14,7,14,12,0.3173486
10,13,7,14,12,0.3123369
10,13,7,14,13,0.3052467
10,13,8,14,13,0.313942
10,13,8,14,12,0.2515748
10,13,8,14,11,0.2473543
11,13,8,14,11,0.2503558
11,12,8,14,11,0.2456056

10,8,8,10,10,0.3609958
10,7,8,10,10,0.2993834
10,7,7,10,10,0.3055066
10,7,7,10,9,0.2497483
10,7,7,10,10,0.3756196
11,7,7,10,10,0.366046
10,7,7,10,10,0.3676885
10,6,7,10,10,0.1641418
9,6,7,10,10,0.3073478
9,6,7,9,10,0.3117061
9,6,7,9,9,0.3142545
10,6,7,9,9,0.3745383
10,6,7,9,8,0.3696581
10,6,7,9,7,0.3720378
10,7,7,9,7,0.377365
11,7,7,9,7,0.3107656
11,8,7,9,7,0.3069149
11,9,7,9,7,0.3178388
12,9,7,9,7,0.3113202
12,9,7,9,6,0.317263
12,9,8,9,6,0.4348195
12,9,8,9,7,0.3190828
12,8,8,9,7,0.3752019
12,8,8,9,8,0.3164719
12,9,8,9,8,0.3188621
12,8,8,9,8,0.3203853
12,8,8,9,7,0.3610294
12,8,9,9,7,0.321438
12,7,9,9,7,0.3225536
12,7,9,8,7,0.3221457
12,7,10,8,7,0.3828321
12,7,10,8,8,0.3251024
12,7,11,8,8,0.3248603
12,7,11,9,8,0.3832802
12,7,11,8,8,0.3318874
12,7,11,8,7,0.3727632
12,7,12,8,7,0.3737216
12,7,12,8,6,0.3652641
12,6,12,8,6,0.3715316
12,5,12,8,6,0.3138984
12,5,12,9,6,0.3801733
12,5,12,9,5,0.3159728
12,5,12,10,5,0.3795437
12,5,12,11,5,0.3698948
13,5,12,11,5,0.3752185
13,5,12,11,6,0.3820327
13,5,13,11,6,0.3743177
13,5,13,10,6,0.3155812
13,4,13,10,6,0.3171327
13,3,13,10,6,0.375698
13,3,12,10,6,0.325071
13,3,12,10,7,0.3776799
13,2,12,10,7,0.3123083
13,3,12,10,7,0.3037539
13,3,12,11,7,0.3061747
13,3,12,11,6,0.4285155
13,3,12,11,7,0.3834268
13,3,12,11,6,0.2530191
13,3,12,12,6,0.2600116
13,3,13,12,6,0.3783779
12,3,13,12,6,0.385657
12,2,13,12,6,0.307724
11,2,13,12,6,0.3195107
11,3,13,12,6,0.3267789
10,3,13,12,6,0.3237364
10,3,13,13,6,0.4329653
10,3,13,13,7,0.3678987
10,3,13,12,7,0.2967943
10,3,13,12,8,0.3227745
10,2,13,12,8,0.3586591
10,2,13,12,7,0.368489
10,1,13,12,7,0.3202666
10,2,13,12,7,0.3152273
10,2,14,12,7,0.3216454
10,1,14,12,7,0.3129893
10,1,14,13,7,0.376763
10,0,14,13,7,0.3106238

10,3,13,18,3,0.3214004
11,3,13,18,3,0.2999519
11,3,14,18,3,0.3053871
11,3,14,19,3,0.3182832
10,3,14,19,3,0.2504707
10,3,14,19,4,0.3168623
10,4,14,19,4,0.3234779
10,4,14,19,5,0.3168745
10,3,14,19,5,0.2391403
10,3,13,19,5,0.2616814
10,3,12,19,5,0.3130184
10,3,12,19,6,0.3097288
10,3,11,19,6,0.3762206
11,3,11,19,6,0.3218963
11,3,11,19,5,0.2546128
11,3,11,19,4,0.3782024
11,3,11,19,3,0.3034545
11,3,11,19,4,0.3080386
11,2,11,19,4,0.3240595
11,2,12,19,4,0.2557027
12,2,12,19,4,0.381675
13,2,12,19,4,0.3265187
13,2,12,19,3,0.3091244
13,2,13,19,3,0.3136739
14,2,13,19,3,0.3055644
15,2,13,19,3,0.2631626
15,2,13,19,4,0.2494349
15,1,13,19,4,0.3117766
15,1,13,19,5,0.3122099
15,1,13,19,4,0.3693985
15,1,13,19,3,0.2979652
14,1,13,19,3,0.383251
14,1,12,19,3,0.24826
14,1,11,19,3,0.3148165
14,1,12,19,3,0.3225595
13,1,12,19,3,0.2603588
14,1,12,19,3,0.3133762
14,1,12,19,2,0.3154476
14,1,12,19,1,0.3100252
13,1,12,19,1,0.3214489
14,1,12,19,1,0.3238437
15,1,12,19,1,0.3072619
15,1,11,19,1,0.2502965
14,1,11,19,1,0.2892193
14,1,10,19,1,0.3180871
13,1,10,19,1,0.3230279
13,1,11,19,1,0.2639811
14,1,11,19,1,0.2537604
14,1,10,19,1,0.2537462
14,1,11,19,1,0.2606471
13,1,11,19,1,0.2502616

9,3,13,19,4,0.3655621
8,3,13,19,4,0.2413199
8,3,12,19,4,0.370331
8,3,12,19,5,0.3050549
8,3,12,19,4,0.3036302
8,3,12,19,5,0.3140897
8,3,11,19,5,0.3143263
8,2,11,19,5,0.3043541
8,2,11,19,4,0.3117761
8,2,11,19,5,0.3083349
8,2,10,19,5,0.4104842
7,2,10,19,5,0.3151667
7,3,10,19,5,0.3154559
7,2,10,19,5,0.2974103
7,2,10,19,6,0.3594192
6,2,10,19,6,0.3813154
5,2,10,19,6,0.3217168
5,3,10,19,6,0.3684801
5,3,10,19,5,0.3733537
5,3,10,19,6,0.3789849
5,3,9,19,6,0.3186097
5,3,10,19,6,0.2517344
5,3,11,19,6,0.3333894
5,2,11,19,6,0.3785755
4,2,11,19,6,0.3827636
4,1,11,19,6,0.4280182
4,1,10,19,6,0.3211662
4,1,10,19,5,0.3183996
4,1,11,19,5,0.3124229
4,1,10,19,5,0.3668806
4,1,9,19,5,0.3212254
4,1,10,19,5,0.3096445
4,1,10,19,4,0.3185209
3,1,10,19,4,0.3264501
4,1,10,19,4,0.2973979
4,1,10,19,5,0.2492786
4,1,11,19,5,0.3222421
4,1,11,19,4,0.3151647
4,1,12,19,4,0.433982
4,1,13,19,4,0.2514226
4,1,14,19,4,0.3129514
4,1,14,19,5,0.3739817
4,1,13,19,5,0.3229644
4,1,13,19,4,0.3150151
4,1,12,19,4,0.3160945
5,1,12,19,4,0.3739999
5,1,12,19,3,0.3769765
6,1,12,19,3,0.4788048
7,1,12,19,3,0.3137087
7,1,13,19,3,0.3064002
7,1,13,19,2,0.3125555
6,1,13,19,2,0.2654002
7,1,13,19,2,0.2464072
7,1,12,19,2,0.2957634
6,1,12,19,2,0.2993327
7,1,12,19,2,0.3269404
8,1,12,19,2,0.3219188
8,1,13,19,2,0.3096339
9,1,13,19,2,0.3170406
9,1,13,19,1,0.3238709
9,1,12,19,1,0.3183357
9,1,11,19,1,0.3634837
10,1,11,19,1,0.3102038
11,1,11,19,1,0.3200747
11,1,12,19,1,0.3225976
10,1,12,19,1,0.3184946
10,1,11,19,1,0.3265652
11,1,11,19,1,0.295716
10,1,11,19,1,0.2590845
11,1,11,19,1,0.3241058
10,1,11,19,1,0.3196293
10,1,12,19,1,0.3140172
11,1,12,19,1,0.306329
12,1,12,19,1,0.3689806
12,1,13,19,1,0.3810592
11,1,13,19,1,0.3147229
11,1,14,19,1,0.3032702
11,1,13,19,1,0.3160817
11,1,12,19,1,0.3775904
11,1,11,19,1,0.2572666
12,1,11,19,1,0.3140614
12,1,12,19,1,0.2440592
11,1,12,19,1,0.3741565
11,1,13,19,1,0.3636748
11,1,14,19,1,0.3196205
12,1,14,19,1,0.2521662
12,1,15,19,1,0.3116355
13,1,15,19,1,0.3806018
12,1,15,19,1,0.3179564
12,1,16,19,1,0.32556
12,1,15,19,1,0.3269376
11,1,15,19,1,0.3021346
11,1,14,19,1,0.2552443

8,4,13,17,3,0.3125981
8,4,13,17,4,0.3103085
8,4,13,17,5,0.3091343
8,4,13,17,6,0.3163036
7,4,13,17,6,0.321681
7,4,13,18,6,0.3184696
7,4,14,18,6,0.3101605
7,4,15,18,6,0.3118056
7,5,15,18,6,0.3059263
7,4,15,18,6,0.3252134
7,4,15,18,5,0.3252871
7,4,14,18,5,0.3093757
7,4,14,18,4,0.3110906
7,4,15,18,4,0.320788
7,4,15,19,4,0.3245907
7,4,15,19,5,0.3224603
8,4,15,19,5,0.3132769
8,4,15,19,6,0.2533934
8,4,16,19,6,0.3782697
8,4,16,19,5,0.361569
8,4,16,19,4,0.2595259
9,4,16,19,4,0.2546976
9,5,16,19,4,0.2561434
10,5,16,19,4,0.3038279
10,5,17,19,4,0.3131852
10,5,18,19,4,0.2522741
10,5,18,19,5,0.2642819
11,5,18,19,5,0.258079
---------100s---------
9,5,16,17,3,0.3122857
9,5,15,17,3,0.3164754
10,5,15,17,3,0.3152419
10,5,15,17,4,0.3162558
10,5,16,17,4,0.3170445
10,5,16,18,4,0.3167113
-100 & Delta 1-
9,5,16,18,4,0.3160593
9,4,16,18,4,0.3161689
9,5,16,18,4,0.3163427
9,5,16,19,4,0.313585
9,5,16,19,3,0.3131411
9,5,15,19,3,0.3181889
9,4,15,19,3,0.3160797
9,4,16,19,3,0.372351
9,4,16,19,4,0.3195786
9,5,16,19,4,0.3161796
9,5,15,19,4,0.3130983
9,6,15,19,4,0.3205382
9,5,15,19,4,0.3167674
9,6,15,19,4,0.3185428
9,6,15,19,3,0.371338
10,6,15,19,3,0.3731001
9,6,15,19,3,0.3137358
8,6,15,19,3,0.3157803
8,6,14,19,3,0.3704695
7,6,14,19,3,0.3702886
7,6,15,19,3,0.3165857
7,7,15,19,3,0.3150699
8,7,15,19,3,0.320304
8,7,14,19,3,0.3194439
8,7,14,19,4,0.3158152
8,7,15,19,4,0.318846
8,7,14,19,4,0.3173234
8,6,14,19,4,0.3197877
8,6,15,19,4,0.3141109
8,5,15,19,4,0.3125681
8,5,15,19,3,0.3161973
8,5,15,19,2,0.3152699
8,5,16,19,2,0.3183759
8,5,16,19,3,0.3717122
8,5,16,19,4,0.3151985
8,6,16,19,4,0.320103
8,6,16,19,5,0.3162836
9,6,16,19,5,0.3206062
9,5,16,19,5,0.3200701
8,5,16,19,5,0.3196324
8,4,16,19,5,0.3724629
8,3,16,19,5,0.3676915
8,4,16,19,5,0.3696472
8,4,16,19,4,0.3718386
8,3,16,19,4,0.3138357
8,4,16,19,4,0.3713852
8,4,17,19,4,0.3184359
8,4,18,19,4,0.3168365
7,4,18,19,4,0.317171
7,4,17,19,4,0.3178702
7,4,16,19,4,0.3721567
6,4,16,19,4,0.3698387
6,3,16,19,4,0.314477
6,3,17,19,4,0.3181267
6,2,17,19,4,0.3132497
6,2,17,19,3,0.3174198
6,3,17,19,3,0.315266
7,3,17,19,3,0.3166771
7,2,17,19,3,0.3116283
8,2,17,19,3,0.3704838
8,2,17,19,2,0.3720168
8,2,18,19,2,0.3151782
8,3,18,19,2,0.314449
8,4,18,19,2,0.3221744
9,4,18,19,2,0.3169054
9,5,18,19,2,0.3705739
10,5,18,19,2,0.3139973
11,5,18,19,2,0.3200837
11,5,17,19,2,0.3202114
11,5,17,19,1,0.3197378
11,4,17,19,1,0.3167578
10,4,17,19,1,0.3700996
9,4,17,19,1,0.3212419
8,4,17,19,1,0.3200955
8,5,17,19,1,0.3186187
8,4,17,19,1,0.3706006
8,5,17,19,1,0.3203098
9,5,17,19,1,0.3149395
9,6,17,19,1,0.3132427
8,6,17,19,1,0.3176744
8,7,17,19,1,0.318175
8,7,16,19,1,0.3174098
9,7,16,19,1,0.3202406
9,6,16,19,1,0.3163627
10,6,16,19,1,0.3127628
10,7,16,19,1,0.3134956
10,8,16,19,1,0.3182315
10,7,16,19,1,0.3192097
9,7,16,19,1,0.3091145
10,7,16,19,1,0.3140685
10,7,17,19,1,0.3132066
10,8,17,19,1,0.3158515
10,7,17,19,1,0.3110328
10,6,17,19,1,0.3131477
11,6,17,19,1,0.3124632
11,6,18,19,1,0.3154151
11,6,17,19,1,0.3114415

17,4,15,19,7,0.3172496
17,4,15,19,6,0.3157885
18,4,15,19,6,0.319052
17,4,15,19,6,0.3184398
18,4,15,19,6,0.3698496
17,4,15,19,6,0.3152003
17,4,14,19,6,0.3182693
17,4,14,19,7,0.3122538
18,4,14,19,7,0.3161712
18,4,14,19,8,0.3172827
18,4,15,19,8,0.3195339
19,4,15,19,8,0.3156216
19,5,15,19,8,0.3149875
19,5,16,19,8,0.3174044
19,5,16,19,7,0.369472
19,5,17,19,7,0.3171552
19,5,17,19,6,0.3188631
19,4,17,19,6,0.3172413
19,4,16,19,6,0.3215774
19,4,15,19,6,0.3196398
19,4,14,19,6,0.3723371
19,3,14,19,6,0.3705016
19,4,14,19,6,0.3199513
19,4,13,19,6,0.3164752
19,4,12,19,6,0.3753033
19,4,11,19,6,0.3130393
19,4,12,19,6,0.3176519
19,3,12,19,6,0.3677583
19,3,12,19,7,0.3219162
19,2,12,19,7,0.3182551
19,2,12,19,8,0.3178678
19,2,12,19,9,0.3748979
19,2,12,19,10,0.3753618
19,1,12,19,10,0.3192385
19,1,12,19,11,0.3703207
19,1,12,19,12,0.3189944
19,1,13,19,12,0.3156712
19,1,14,19,12,0.3670648
19,1,14,19,13,0.3197678
19,1,13,19,13,0.3196302
19,1,14,19,13,0.3671031
19,1,14,19,14,0.3177577
19,1,14,19,15,0.3714912
19,1,14,19,16,0.3726412
19,1,13,19,16,0.3749943
19,1,14,19,16,0.3713177
19,1,14,19,17,0.3747562
19,1,13,19,17,0.3689507
19,1,13,19,18,0.3164228
19,1,13,19,19,0.3738295
19,1,14,19,19,0.3685837
19,1,15,19,19,0.3169797
19,1,14,19,19,0.3711684
19,1,13,19,19,0.3719603
19,1,12,19,19,0.3672718
19,1,13,19,19,0.3223348
19,1,14,19,19,0.3700616
19,1,15,19,19,0.3189934
19,1,16,19,19,0.369537
19,1,17,19,19,0.3703346
19,1,16,19,19,0.3662069
19,1,15,19,19,0.3703558
19,1,14,19,19,0.3668593
19,1,13,19,19,0.3722453
19,1,14,19,19,0.3679042
19,1,15,19,19,0.3722365
19,1,14,19,19,0.3734401
19,1,15,19,19,0.3152275