y,x
-0.2618,0
-0.2618,0.005589962
-0.2618,0.007773995
-0.2618,0.009849429
-0.2618,0.01169443
-0.2618,0.01345861
-0.2336,0.01536345
-0.2336,0.01737607
-0.2336,0.01926494
-0.2336,0.02118123
-0.2336,0.02303362
-0.2336,0.02486312
-0.2336,0.02731657
-0.2336,0.02937496
-0.2336,0.03155994
-0.2336,0.03339112
-0.2336,0.03526855
-0.2336,0.03706586
-0.2336,0.03906357
-0.1776,0.04087496
-0.1776,0.0427773
-0.1776,0.0450232
-0.1776,0.04686868
-0.1776,0.04875946
-0.1776,0.05066419
-0.1776,0.05256999
-0.1776,0.05446482
-0.1776,0.05642331
-0.1776,0.05827379
-0.1776,0.0605135
-0.1776,0.06235421
-0.1776,0.06466031
-0.141,0.06648958
-0.141,0.0684675
-0.141,0.07026184
-0.141,0.07217729
-0.141,0.0739572
-0.141,0.0758779
-0.141,0.07778335
-0.141,0.07967949
-0.141,0.08165658
-0.141,0.08357334
-0.141,0.08548272
-0.141,0.08739352
-0.141,0.08930874
-0.107,0.09106457
-0.107,0.09307814
-0.107,0.09489369
-0.107,0.09676206
-0.107,0.09877253
-0.107,0.1007035
-0.107,0.1024922
-0.107,0.1043863
-0.107,0.106288
-0.107,0.1081907
-0.107,0.1101067
-0.107,0.1119851
-0.107,0.1138694
-0.0852,0.1158841
-0.0852,0.1177709
-0.0852,0.1196568
-0.0852,0.1215808
-0.0852,0.1234586
-0.0852,0.1252519
-0.0852,0.1273971
-0.0852,0.1295965
-0.0852,0.1316967
-0.0852,0.1335937
-0.0852,0.1355627
-0.0852,0.1374801
-0.0852,0.1393783
-0.0645,0.1412662
-0.0645,0.1434021
-0.0645,0.1453742
-0.0645,0.1472613
-0.0645,0.1492913
-0.0645,0.1511759
-0.0645,0.1529766
-0.0645,0.1548734
-0.0645,0.1568925
-0.0645,0.1588787
-0.0645,0.1607724
-0.0645,0.1625713
-0.0645,0.1644653
-0.0514,0.16638
-0.0514,0.1684293
-0.0514,0.1700619
-0.0514,0.1719607
-0.0514,0.173921
-0.0514,0.1757672
-0.0514,0.1775763
-0.0514,0.1794919
-0.0514,0.181363
-0.0514,0.1832941
-0.0514,0.1851438
-0.0514,0.1869665
-0.0514,0.1888709
-0.0389,0.190696
-0.0389,0.1925719
-0.0389,0.1944193
-0.0389,0.1962878
-0.0389,0.1981595
-0.0389,0.2000611
-0.0389,0.2020979
-0.0389,0.2038602
-0.0389,0.205761
-0.0389,0.2076916
-0.0389,0.2098644
-0.0389,0.2118543
-0.0389,0.213691
-0.0311,0.21567
-0.0311,0.2174731
-0.0311,0.2193313
-0.0311,0.2211704
-0.0311,0.2230562
-0.0311,0.2250059
-0.0311,0.2267891
-0.0311,0.228671
-0.0311,0.2305877
-0.0311,0.2324777
-0.0311,0.234264
-0.0311,0.23623
-0.0311,0.238071
-0.0311,0.2399778
-0.0234,0.2417854
-0.0234,0.243802
-0.0234,0.2456794
-0.0234,0.2478802
-0.0234,0.2497743
-0.0234,0.2517018
-0.0234,0.2533724
-0.0234,0.2552675
-0.0234,0.2571614
-0.0234,0.2590861
-0.0234,0.2613078
-0.0234,0.2630574
-0.0234,0.2649857
-0.0188,0.2668837
-0.0188,0.2687123
-0.0188,0.2705809
-0.0188,0.2727537
-0.0188,0.2744626
-0.0188,0.2765676
-0.0188,0.2783639
-0.0188,0.2802715
-0.0188,0.2822828
-0.0188,0.28417
-0.0188,0.2860612
-0.0188,0.2878679
-0.0188,0.2897726
-0.0141,0.2916783
-0.0141,0.2936298
-0.0141,0.2953646
-0.0141,0.2973607
-0.0141,0.2992636
-0.0141,0.3012025
-0.0141,0.3029943
-0.0141,0.3049145
-0.0141,0.30679
-0.0141,0.3085651
-0.0141,0.3104519
-0.0141,0.3123825
-0.0141,0.3141719
-0.0113,0.3165138
-0.0113,0.3184013
-0.0113,0.3201622
-0.0113,0.3219433
-0.0113,0.3240099
-0.0113,0.3258628
-0.0113,0.3277946
-0.0113,0.3296697
-0.0113,0.3315626
-0.0113,0.3334707
-0.0113,0.3357711
-0.0113,0.3377619
-0.0113,0.3395958
-0.0085,0.341493
-0.0085,0.3433716
-0.0085,0.3451641
-0.0085,0.3470788
-0.0085,0.3489679
-0.0085,0.350903
-0.0085,0.3527696
-0.0085,0.3547633
-0.0085,0.3565644
-0.0085,0.3584645
-0.0085,0.3605074
-0.0085,0.3623782
-0.0085,0.3642703
-0.0068,0.3661695
-0.0068,0.3684933
-0.0068,0.3699689
-0.0068,0.3721685
-0.0068,0.3739787
-0.0068,0.3758882
-0.0068,0.3776469
-0.0068,0.3794537
-0.0068,0.3812597
-0.0068,0.3831544
-0.0068,0.3851095
-0.0051,0.3927039
-0.0051,0.3948107
-0.0051,0.3968809
-0.0051,0.3988627
-0.0051,0.4009569
-0.0051,0.4026202
-0.0051,0.4044583
-0.0051,0.4062612
-0.0051,0.408304
-0.0051,0.4102048
-0.0051,0.4119813
-0.0051,0.413757
-0.0041,0.4157687
-0.0041,0.4176723
-0.0041,0.4195427
-0.0041,0.4214586
-0.0041,0.4234816
-0.0041,0.4253656
-0.0041,0.4272639
-0.0041,0.4291686
-0.0041,0.4310864
-0.0041,0.4329606
-0.0041,0.4351352
-0.0041,0.4367801
-0.0041,0.4385737
-0.0031,0.4404613
-0.0031,0.4423782
-0.0031,0.4443549
-0.0031,0.446293
-0.0031,0.4481586
-0.0031,0.4500715
-0.0031,0.4519023
-0.0031,0.4537884
-0.0031,0.4556557
-0.0031,0.4575812
-0.0031,0.4593669
-0.0031,0.4613386
-0.0031,0.4631547
-0.0025,0.4650866
-0.0025,0.4669672
-0.0025,0.4688317
-0.0025,0.4706889
-0.0025,0.4724606
-0.0025,0.4744176
-0.0025,0.4763933
-0.0025,0.478227
-0.0025,0.4800535
-0.0025,0.4825803
-0.0025,0.4846643
-0.0025,0.4865505
-0.0025,0.4883655
-0.0019,0.490383
-0.0019,0.4922966
-0.0019,0.4990121
-0.0019,0.5002688
-0.0019,0.5024232
-0.0019,0.5042986
-0.0019,0.5061685
-0.0019,0.5080696
-0.0019,0.5100609
-0.0019,0.5118734
-0.0019,0.5137821
-0.0015,0.5157732
-0.0015,0.5176693
-0.0015,0.5195101
-0.0015,0.5213796
-0.0015,0.5233816
-0.0015,0.5252658
-0.0015,0.5272318
-0.0015,0.5290631
-0.0015,0.5311619
-0.0015,0.5330852
-0.0015,0.5350457
-0.0015,0.5368749
-0.0015,0.5387582
-0.0011,0.5406748
-0.0011,0.5425667
-0.0011,0.5445052
-0.0011,0.5463878
-0.0011,0.5482899
-0.0011,0.5503014
-0.0011,0.5519944
-0.0011,0.553893
-0.0011,0.5557882
-0.0011,0.5576783
-0.0011,0.5598623
-0.0011,0.5616614
-0.0011,0.5646948
-0.0009,0.5665122
-0.0009,0.5683755
-0.0009,0.5701584
-0.0009,0.5720726
-0.0009,0.5738846
-0.0009,0.5756646
-0.0009,0.5796169
-0.0009,0.5808676
-0.0009,0.5826775
-0.0009,0.5844895
-0.0009,0.5867652
-0.0009,0.5885597
-0.0007,0.5905036
-0.0007,0.5923687
-0.0007,0.5942069
-0.0007,0.5960895
-0.0007,0.5980026
-0.0007,0.5998739
-0.0007,0.6017131
-0.0007,0.6035656
-0.0007,0.6057895
-0.0007,0.607668
-0.0007,0.609655
-0.0007,0.6116308
-0.0007,0.6135944
-0.0006,0.6155864
-0.0006,0.617457
-0.0006,0.6193649
-0.0006,0.6211478
-0.0006,0.6230835
-0.0006,0.6249272
-0.0006,0.6272103
-0.0006,0.6290749
-0.0006,0.6311601
-0.0006,0.6330878
-0.0006,0.6350561
-0.0006,0.6368788
-0.0006,0.6387662
-0.0004,0.6406931
-0.0004,0.6425694
-0.0004,0.6444937
-0.0004,0.6464051
-0.0004,0.6486779
-0.0004,0.6504799
-0.0004,0.6522595
-0.0004,0.6541773
-0.0004,0.6559626
-0.0004,0.6579891
-0.0004,0.6601239
-0.0004,0.663457
-0.0004,0.6646689
-0.0003,0.6665703
-0.0003,0.6684765
-0.0003,0.6702574
-0.0003,0.6721634
-0.0003,0.6740876
-0.0003,0.6758534
-0.0003,0.6777912
-0.0003,0.6796855
-0.0003,0.6815559
-0.0003,0.6834863
-0.0003,0.6853188
-0.0003,0.6871685
-0.0003,0.6894876
-0.0002,0.6912853
-0.0002,0.6934689
-0.0002,0.6950876
-0.0002,0.6969711
-0.0002,0.6988596
-0.0002,0.7007993
-0.0002,0.7026411
-0.0002,0.7044629
-0.0002,0.7064737
-0.0002,0.7083658
-0.0002,0.7103821
-0.0002,0.7122658
-0.0002,0.7146858
-0.0002,0.7165798
-0.0002,0.7185231
-0.0002,0.7203704
-0.0002,0.7221733
-0.0002,0.7240578
-0.0002,0.7259909
-0.0002,0.7278601
-0.0002,0.7296597
-0.0002,0.7316669
-0.0002,0.7335712
-0.0002,0.735516
-0.0002,0.7373961
-0.0002,0.7392892
-0.0001,0.7411891
-0.0001,0.7430562
-0.0001,0.7450126
-0.0001,0.7492934
-0.0001,0.7505752
-0.0001,0.752781
-0.0001,0.7545744
-0.0001,0.7563695
-0.0001,0.7582649
-0.0001,0.7603217
-0.0001,0.7621828
-0.0001,0.7640861
-0.0001,0.7658592
-0.0001,0.7677687
-0.0001,0.7696155
-0.0001,0.7714971
-0.0001,0.7733725
-0.0001,0.7752155
-0.0001,0.7774185
-0.0001,0.779277
-0.0001,0.7811679
-0.0001,0.783115
-0.0001,0.7850395
-0.0001,0.786872
-0.0001,0.7887698
-0.0001,0.7905687
-0.0001,0.7924742
-0.0001,0.79433
-0.0001,0.796177
-0.0001,0.7980601
-0.0001,0.7998706
-0.0001,0.8017784
-0.0001,0.8036739
-0.0001,0.8055888
-0.0001,0.8074824
-0.0001,0.8092669
-0.0001,0.8111736
-0.0001,0.8130702
-0.0001,0.8149701
-0.0001,0.8168994
-0.0001,0.8187104
-0.0001,0.8205897
-0.0001,0.8223563
-0.0001,0.8242718
-0.0001,0.8262538
-0.0001,0.8285908
-0.0001,0.8303591
-0.0001,0.8323551
-0.0001,0.835965
-0.0001,0.8371695
-0.0001,0.8394119
-0.0001,0.8411855
-0.0001,0.8429672
-0.0001,0.8448886
-0.0001,0.8467592
-0.0001,0.8487862
-0.0001,0.8505884
-0.0001,0.8524531
-0.0001,0.8542861
-0.0001,0.8560663
-0.0001,0.8579649
-0.0001,0.8597642
-0.0001,0.861724
-0.0001,0.8635622
0,0.8654608
0,0.8673671
0,0.8691989
0,0.8710603
0,0.8730813
0,0.8748664
0,0.8768181
0,0.8786896
0,0.8804525
0,0.8824562
0,0.8843933
0,0.8862959
0,0.8881813
0,0.8899664
0,0.8918675
0,0.8939155
0,0.8956882
0,0.8975517
0,0.8995646
0,0.9015466
0,0.9032594
0,0.9051634
0,0.9072026
0,0.9090708
0,0.910916
0,0.915753
0,0.9174968
0,0.9196333
0,0.9213611
0,0.9232804
0,0.9250692
0,0.9271544
0,0.9290155
0,0.9308635
0,0.9359039
0,0.9401547
0,0.9422082
0,0.9443642
0,0.946164
0,0.9480678
0,0.9499699
0,0.9518656
0,0.9536749
0,0.9556738
0,0.9574715
0,0.9597715
0,0.9618005
0,0.9634544
0,0.9654816
0,0.9673635
0,0.969231
0,0.9710673
0,0.9730016
0,0.9747506
0,0.9769999
0,0.9785753
0,0.980472
0,0.9823641
0,0.9842805
0,0.9860607
0,0.9880077
0,0.9898986
0,0.9916683
0,0.993692
0,0.9975282
0,0.9987954
0,1.000703
0,1.00255
0,1.004368
0,1.006264
0,1.008048
0,1.010063
0,1.011994
0,1.014059
0,1.015966
0,1.017873
0,1.019726
0,1.02158
0,1.023471
0,1.025368
0,1.027286
0,1.029061
0,1.031097
0,1.033106
0,1.035033
0,1.036777
0,1.038672
0,1.040755
0,1.042359
0,1.044383
0,1.046564
0,1.048477
0,1.05026
0,1.052175
0,1.054082
0,1.055878
0,1.057779
0,1.05968
0,1.061568
0,1.063488
0,1.065463
0,1.067396
0,1.069222
0,1.071078
0,1.07296
0,1.074766
0,1.076704
0,1.078648
0,1.082856
0,1.084072
0,1.086268
0,1.088193
0,1.089969
0,1.091973
0,1.093961
0,1.095759
0,1.097786
0,1.099564
0,1.101592
0,1.103369
0,1.105268
0,1.10716
0,1.10907
0,1.111011
0,1.112884
0,1.114658
0,1.116564
0,1.118577
0,1.120359
0,1.122267
0,1.124197
0,1.126083
0,1.127952
0,1.129765
0,1.131659
0,1.133453
0,1.135433
0,1.137267
0,1.139268
0,1.141187
0,1.143464
0,1.145069
0,1.146875
0,1.148877
0,1.150673
0,1.152616
0,1.154461
0,1.156385
0,1.158699
0,1.160569
0,1.164076
0,1.165261
0,1.167173
0,1.169054
0,1.170858
0,1.172864
0,1.174674
0,1.17654
0,1.178369
0,1.180291
0,1.182182
0,1.184068
0,1.18595
0,1.187765
0,1.189676
0,1.191615
0,1.193468
0,1.195383
0,1.197266
0,1.199276
0,1.201054
0,1.203002
0,1.20487
0,1.207201
0,1.20896
0,1.210904
0,1.212773
0,1.214689
0,1.216578
0,1.218484
0,1.220373
0,1.22226
0,1.224182
0,1.226114
0,1.227924
0,1.229812
0,1.231784
0,1.233669
0,1.235607
0,1.237483
0,1.239492
0,1.24138
0,1.243386
0,1.245082
0,1.248753
0,1.249985
0,1.252103
0,1.253854
0,1.255973
0,1.25788
0,1.274412
0,1.276665
0,1.278687
0,1.280767
0,1.282681
0,1.284479
0,1.286394
0,1.288258
0,1.290285
0,1.292066
0,1.294146
0,1.296278
0,1.298353
0,1.300257
0,1.302172
0,1.304091
0,1.305996
0,1.307911
0,1.310124
0,1.311986
0,1.313756
0,1.315786
0,1.317683
0,1.319511
0,1.321394
0,1.323264
0,1.325191
0,1.327167
0,1.331565
0,1.332812
0,1.335007
0,1.336873
0,1.33866
0,1.340587
0,1.342478
0,1.344278
0,1.346067
0,1.347957
0,1.349858
0,1.351775
0,1.353698
0,1.355462
0,1.357377
0,1.359277
0,1.361274
0,1.363192
0,1.365594
0,1.367368
0,1.369273
0,1.371181
0,1.373104
0,1.374869
0,1.376798
0,1.378688
0,1.380507
0,1.382352
0,1.384402
0,1.386232
0,1.388186
0,1.390067
0,1.391978
0,1.393917
0,1.395769
0,1.397768
0,1.399678
0,1.401706
0,1.403771
0,1.405553
0,1.407461
0,1.409367
0,1.411289
0,1.417124
0,1.418753
0,1.420972
0,1.422802
0,1.424863
0,1.426547
0,1.428398
0,1.430159
0,1.432172
0,1.434087
0,1.435996
0,1.437865
0,1.439669
0,1.441681
0,1.443719
0,1.445578
0,1.447459
0,1.449495
0,1.451262
0,1.453223
0,1.455066
0,1.456973
0,1.458877
0,1.460847
0,1.462676
0,1.464578
0,1.466468
0,1.468376
0,1.470162
0,1.472059
0,1.473968
0,1.475878
0,1.4777
0,1.479694
0,1.48157
0,1.483363
0,1.485299
0,1.487164
0,1.488966
0,1.49089
0,1.492765
0,1.494626
0,1.498345
0,1.49959
0,1.501785
0,1.509172
0,1.510809
0,1.513029
0,1.514893
0,1.51678
0,1.518692
0,1.520591
0,1.522469
0,1.524388
0,1.526375
0,1.528274
0,1.530179
0,1.532237
0,1.534076
0,1.53632
0,1.538058
0,1.539967
0,1.541872
0,1.543866
0,1.545787
0,1.547783
0,1.54974
0,1.551648
0,1.553786
0,1.555862
0,1.55781
0,1.559665
0,1.561617
0,1.563466
0,1.565479
0,1.56737
0,1.5693
0,1.57116
0,1.573069
0,1.575374
0,1.577191
0,1.580919
0,1.582175
0,1.584083
0,1.5859
0,1.587766
0,1.58976
0,1.591588
0,1.593563
0,1.595417
0,1.597249
0,1.599257
0,1.601162
0,1.603024
0,1.604861
0,1.606793
0,1.608684
0,1.610629
0,1.612464
0,1.614406
0,1.61615
0,1.61847
0,1.620075
0,1.621926
0,1.623889
0,1.625673
0,1.627564
0,1.629479
0,1.631369
0,1.633275
0,1.635189
0,1.636985
0,1.639078
0,1.640994
0,1.642859
0,1.644695
0,1.646568
0,1.648987
0,1.650767
0,1.652668
0,1.654453
0,1.656465
0,1.658384
0,1.660484
0,1.662258
0,1.666263
0,1.667769
0,1.669957
0,1.671953
0,1.673763
0,1.675584
0,1.677568
0,1.679364
0,1.68127
0,1.683242
0,1.685068
0,1.687005
0,1.688877
0,1.690647
0,1.692551
0,1.694474
0,1.696258
0,1.698263
0,1.700071
0,1.702295
0,1.70387
0,1.705813
0,1.707576
0,1.709468
0,1.711323
0,1.713182
0,1.715562
0,1.717394
0,1.719186
0,1.721068
0,1.722989
0,1.724761
0,1.726703
0,1.728487
0,1.730367
0,1.732369
0,1.734272
0,1.736097
0,1.737962
0,1.73991
0,1.741665
0,1.743751
0,1.745661
0,1.749777
0,1.750984
0,1.75317
0,1.754968
0,1.756772
0,1.758581
0,1.760558
0,1.762488
0,1.764465
0,1.766396
0,1.768603
0,1.770373
0,1.772262
0,1.774099
0,1.77601
0,1.777878
0,1.779781
0,1.781667
0,1.783668
0,1.785555
0,1.78743
0,1.789296
0,1.791177
0,1.793063
0,1.79492
0,1.79689
0,1.798968
0,1.800912
0,1.802719
0,1.804569
0,1.806461
0,1.808385
0,1.810425
0,1.812267
0,1.814564
0,1.816478
0,1.81836
0,1.820212
0,1.822071
0,1.82386
0,1.825761
0,1.827597
0,1.83272
0,1.834027
0,1.836144
0,1.837961
0,1.839875
0,1.84167
0,1.843782
0,1.845566
0,1.847357
0,1.849381
0,1.851539
0,1.853176
0,1.855089
0,1.856966
0,1.85887
0,1.860721
0,1.862566
0,1.864589
0,1.866497
0,1.868361
0,1.870587
0,1.872366
0,1.874174
0,1.876091
0,1.877938
0,1.879794
0,1.882157
0,1.883968
0,1.885861
0,1.887669
0,1.889583
0,1.891376
0,1.893358
0,1.895273
0,1.897169
0,1.89916
0,1.901079
0,1.902998
0,1.904756
0,1.906806
0,1.908678
0,1.910595
0,1.914302
0,1.915651
0,1.917472
0,1.919301
0,1.921294
0,1.923459
0,1.925273
0,1.927274
0,1.929166
0,1.931268
0,1.933167
0,1.935201
0,1.936981
0,1.938867
0,1.940655
0,1.94256
0,1.94445
0,1.946262
0,1.948183
0,1.950073
0,1.951861
0,1.953663
0,1.955568
0,1.95746
0,1.959278
0,1.961204
0,1.963091
0,1.964973
0,1.966873
0,1.968688
0,1.970482
0,1.972369
0,1.974266
0,1.976193
0,1.978055
0,1.979958
0,1.981877
0,1.983788
0,1.985664
0,1.98787
0,1.989671
0,1.99158
0,1.993433
0,1.995263
0,1.998862
0,1.999953
0,2.002284
0,2.004204
0,2.005965
0,2.007864
0,2.009921
0,2.011762
0,2.013665
0,2.01558
0,2.01746
0,2.019353
0,2.021159
0,2.023088
0,2.02487
0,2.026734
0,2.028565
0,2.030463
0,2.032587
0,2.034476
0,2.036387
0,2.038274
0,2.040161
0,2.042051
0,2.044003
0,2.045861
0,2.047658
0,2.049585
0,2.051548
0,2.053267
0,2.055181
0,2.057076
0,2.065133
0,2.067306
0,2.069403
0,2.071273
0,2.0732
0,2.075096
0,2.077059
0,2.07886
0,2.082854
0,2.084116
0,2.086226
0,2.088071
0,2.089967
0,2.091872
0,2.093855
0,2.095699
0,2.097867
0,2.099771
0,2.101691
0,2.103571
0,2.105456
0,2.107678
0,2.109281
0,2.111162
0,2.112965
0,2.114964
0,2.116879
0,2.118799
0,2.120677
0,2.122561
0,2.124455
0,2.126543
0,2.128376
0,2.130682
0,2.132563
0,2.134484
0,2.136367
0,2.138156
0,2.139963
0,2.141887
0,2.143904
0,2.146074
0,2.147862
0,2.149792
0,2.151617
0,2.153485
0,2.155375
0,2.157371
0,2.159256
0,2.161521
0,2.165276
0,2.166861
0,2.169147
0,2.170996
0,2.17288
0,2.174788
0,2.176726
0,2.178596
0,2.180361
0,2.182475
0,2.184379
0,2.186266
0,2.188594
0,2.190487
0,2.192262
0,2.19419
0,2.195949
0,2.197965
0,2.199823
0,2.201693
0,2.203977
0,2.205762
0,2.20767
0,2.20949
0,2.211355
0,2.213269
0,2.215205
0,2.216956
0,2.218907
0,2.220877
0,2.222788
0,2.224688
0,2.226554
0,2.228395
0,2.230318
0,2.232301
0,2.234183
0,2.236595
0,2.238763
0,2.240593
0,2.242463
0,2.244277
0,2.249097
0,2.250254
0,2.25253
0,2.254398
0,2.256168
0,2.258059
0,2.260046
0,2.26185
0,2.263866
0,2.265785
0,2.267663
0,2.269906
0,2.27194
0,2.273657
0,2.275569
0,2.27748
0,2.279381
0,2.281275
0,2.283174
0,2.285105
0,2.287018
0,2.288782
0,2.290675
0,2.292564
0,2.294406
0,2.296262
0,2.298157
0,2.3001
0,2.301959
0,2.303883
0,2.305662
0,2.307569
0,2.309466
0,2.311388
0,2.313159
0,2.315175
0,2.317062
0,2.318968
0,2.320887
0,2.322783
0,2.324566
0,2.326543
0,2.328362
0,2.33252
0,2.333803
0,2.335998
0,2.33777
0,2.339564
0,2.341463
0,2.343384
0,2.345179
0,2.34707
0,2.348986
0,2.350884
0,2.352689
0,2.35456
0,2.356501
0,2.358267
0,2.360317
0,2.362181
0,2.36395
0,2.36596
0,2.367992
0,2.369875
0,2.371681
0,2.373561
0,2.375459
0,2.377412
0,2.379303
0,2.381167
0,2.383063
0,2.385293
0,2.387174
0,2.388979
0,2.390894
0,2.392663
0,2.3946
0,2.396483
0,2.402325
0,2.404171
0,2.406106
0,2.407966
0,2.410063
0,2.411887
0,2.415673
0,2.417316
0,2.419489
0,2.421383
0,2.423146
0,2.425056
0,2.427451
0,2.429296
0,2.43137
0,2.433165
0,2.435064
0,2.43702
0,2.438784
0,2.440786
0,2.442672
0,2.44451
0,2.446396
0,2.4483
0,2.450203
0,2.452015
0,2.453896
0,2.455654
0,2.457567
0,2.459471
0,2.461382
0,2.463269
0,2.465169
0,2.467071
0,2.468885
0,2.470779
0,2.472579
0,2.474455
0,2.476535
0,2.478358
0,2.480159
0,2.482265
0,2.484184
0,2.486063
0,2.487981
0,2.489867
0,2.491791
0,2.493803
0,2.495687
0,2.499603
0,2.500864
0,2.503465
0,2.505846
0,2.508084
0,2.510166
0,2.512199
0,2.513966
0,2.515995
0,2.518441
0,2.520482
0,2.522527
0,2.52471
0,2.52705
0,2.52939
0,2.531379
0,2.533278
0,2.535286
0,2.53763
0,2.540098
0,2.542469
0,2.544694
0,2.54656
0,2.548489
0,2.550256
0,2.552254
0,2.554159
0,2.556271
0,2.558148
0,2.560168
0,2.561949
0,2.563976
0,2.566055
0,2.568429
0,2.570642
0,2.572472
0,2.574367
0,2.576584
0,2.578488
0,2.582168
0,2.583403
0,2.58558
0,2.587413
0,2.589391
0,2.591299
0,2.593489
0,2.59507
0,2.596875
0,2.599067
0,2.600963
0,2.60292
0,2.604794
0,2.60677
0,2.60866
0,2.61066
0,2.612698
0,2.614826
0,2.616796
0,2.619461
0,2.621186
0,2.623595
0,2.625901
0,2.627709
0,2.629593
0,2.631351
0,2.633365
0,2.641705
0,2.643717
0,2.64598
0,2.647871
0,2.649815
0,2.651688
0,2.653557
0,2.655571
0,2.657583
0,2.659482
0,2.661419
0,2.663261
0,2.665161
0,2.668788
0,2.669961
0,2.672174
0,2.674083
0,2.675966
0,2.677866
0,2.679791
0,2.681659
0,2.683588
0,2.68552
0,2.68737
0,2.689683
0,2.691566
0,2.693487
0,2.695391
0,2.697268
0,2.699269
0,2.701195
0,2.703087
0,2.704962
0,2.706894
0,2.708765
0,2.71102
0,2.712893
0,2.71469
0,2.716464
0,2.71851
0,2.720372
0,2.722145
0,2.724074
0,2.726285
0,2.727855
0,2.729823
0,2.731661
0,2.733593
0,2.735422
0,2.737269
0,2.739252
0,2.741103
0,2.743069
0,2.744873
0,2.750436
0,2.751678
0,2.753878
0,2.755767
0,2.757672
0,2.759671
0,2.761517
0,2.763384
0,2.765374
0,2.767272
0,2.769126
0,2.77108
0,2.77327
0,2.775205
0,2.777263
0,2.779171
0,2.781359
0,2.783366
0,2.785305
0,2.787169
0,2.789072
0,2.791071
0,2.793087
0,2.794891
0,2.796779
0,2.79876
0,2.800663
0,2.802516
0,2.804356
0,2.806275
0,2.808185
0,2.810099
0,2.811859
0,2.813754
0,2.815784
0,2.81767
0,2.819576
0,2.821473
0,2.823653
0,2.825574
0,2.827373
0,2.829157
0,2.833389
0,2.834558
0,2.836778
0,2.83858
0,2.84049
0,2.842366
0,2.844284
0,2.84606
0,2.848116
0,2.849865
0,2.852223
0,2.854063
0,2.855884
0,2.857777
0,2.859673
0,2.861554
0,2.863475
0,2.865356
0,2.867292
0,2.869182
0,2.871076
0,2.87297
0,2.874864
0,2.876683
0,2.878618
0,2.880457
0,2.882369
0,2.884554
0,2.886425
0,2.888273
0,2.890135
0,2.89196
0,2.893954
0,2.89577
0,2.897658
0,2.89956
0,2.901562
0,2.903363
0,2.905273
0,2.907291
0,2.909192
0,2.911066
0,2.91566
0,2.917257
0,2.919457
0,2.921272
0,2.923178
0,2.924966
0,2.927073
0,2.928857
0,2.930766
0,2.932551
0,2.934464
0,2.936398
0,2.938289
0,2.940068
0,2.941955
0,2.943921
0,2.945779
0,2.947561
0,2.949584
0,2.951815
0,2.953678
0,2.955561
0,2.957372
0,2.959275
0,2.961235
0,2.96319
0,2.964972
0,2.966765
0,2.968654
0,2.970459
0,2.972383
0,2.97417
0,2.976237
0,2.978106
0,2.980274
0,2.982155
0,2.984087
0,2.985963
0,2.98787
0,2.989778
0,2.991689
0,2.993556
0,2.995379
0,2.999043
0,3.000299
0,3.002507
0,3.004381
0,3.006308
0,3.008189
0,3.010017
0,3.011868
0,3.013753
0,3.015893
0,3.017671
0,3.019608
0,3.02198
0,3.023677
0,3.025868
0,3.027803
0,3.029685
0,3.03157
0,3.033366
0,3.035257
0,3.037162
0,3.039078
0,3.041015
0,3.042865
0,3.044775
0,3.046663
0,3.048558
0,3.050511
0,3.052333
0,3.054154
0,3.056175
0,3.058079
0,3.060396
0,3.062181
0,3.064056
0,3.066092
0,3.06797
0,3.069819
0,3.071668
0,3.07362
0,3.075375
0,3.077354
0,3.079275
0,3.081162
0,3.084685
0,3.085853
0,3.088058
0,3.089967
0,3.091884
0,3.093854
0,3.095684
0,3.097451
0,3.099356
0,3.101275
0,3.103159
0,3.104975
0,3.107012
0,3.108764
0,3.110684
0,3.112565
0,3.114482
0,3.116373
0,3.118393
0,3.120161
0,3.121961
0,3.123867
0,3.125777
0,3.127673
0,3.129485
0,3.131456
0,3.133169
0,3.135405
0,3.137268
0,3.139177
0,3.141093
0,3.14308
0,3.144916
0,3.146762
0,3.148756
0,3.150771
0,3.152964
0,3.154867
0,3.156874
0,3.158666
0,3.160673
0,3.162568
0,3.166744
0,3.168621
0,3.17057
0,3.172359
0,3.174349
0,3.176172
0,3.178043
0,3.179848
0,3.181863
0,3.183869
0,3.185685
0,3.187562
0,3.18959
0,3.191521
0,3.193378
0,3.195149
0,3.197074
0,3.198962
0,3.200795
0,3.202676
0,3.210457
0,3.21218
0,3.214267
0,3.216172
0,3.218081
0,3.219964
0,3.221931
0,3.223815
0,3.225686
0,3.227501
0,3.229385
0,3.23116
0,3.233086
0,3.235048
0,3.236771
0,3.238559
0,3.240462
0,3.242477
0,3.244261
0,3.246076
0,3.250104
0,3.251281
0,3.253498
0,3.255262
0,3.257188
0,3.258972
0,3.260903
0,3.262777
0,3.264567
0,3.266472
0,3.268454
0,3.270294
0,3.272052
0,3.273969
0,3.275868
0,3.277761
0,3.2797
0,3.281762
0,3.283675
0,3.28592
0,3.287653
0,3.289561
0,3.29151
0,3.293359
0,3.295175
0,3.296958
0,3.298989
0,3.300865
0,3.302798
0,3.304686
0,3.306574
0,3.308494
0,3.310523
0,3.312367
0,3.314577
0,3.316492
0,3.318358
0,3.32017
0,3.322064
0,3.323859
0,3.325773
0,3.32767
0,3.331732
0,3.332979
0,3.335109
0,3.336689
0,3.338583
0,3.340468
0,3.342413
0,3.344268
0,3.346097
0,3.347886
0,3.349779
0,3.35168
0,3.353363
0,3.355268
0,3.357163
0,3.359204
0,3.361316
0,3.363067
0,3.364864
0,3.366798
0,3.36867
0,3.370474
0,3.372761
0,3.374564
0,3.376379
0,3.37828
0,3.380069
0,3.382087
0,3.383852
0,3.385766
0,3.387662
0,3.389576
0,3.391365
0,3.393383
0,3.395056
0,3.396979
0,3.398962
0,3.401169
0,3.403102
0,3.404888
0,3.406774
0,3.408966
0,3.410566
0,3.41247
0,3.41604
0,3.417508
0,3.419668
0,3.421449
0,3.423463
0,3.425262
0,3.427234
0,3.429164
0,3.431058
0,3.433086
0,3.435019
0,3.43688
0,3.439083
0,3.44096
0,3.442751
0,3.444659
0,3.446573
0,3.448466
0,3.450391
0,3.452463
0,3.454659
0,3.456594
0,3.458356
0,3.460519
0,3.462261
0,3.464174
0,3.466066
0,3.467977
0,3.469816
0,3.471684
0,3.473661
0,3.475585
0,3.477457
0,3.479369
0,3.48126
0,3.483196
0,3.48501
0,3.486972
0,3.488753
0,3.490679
0,3.492619
0,3.494389
0,3.496271
0,3.498077
0,3.501691
0,3.502865
0,3.505092
0,3.50687
0,3.50879
0,3.510623
0,3.512465
0,3.514477
0,3.516485
0,3.518404
0,3.52026
0,3.52215
0,3.524064
0,3.52596
0,3.527943
0,3.529768
0,3.531668
0,3.533562
0,3.535453
0,3.537259
0,3.539183
0,3.541055
0,3.543071
0,3.54496
0,3.546903
0,3.548767
0,3.55071
0,3.552477
0,3.554393
0,3.556298
0,3.558321
0,3.560023
0,3.562
0,3.563867
0,3.565775
0,3.567675
0,3.569567
0,3.571362
0,3.573294
0,3.575163
0,3.577232
0,3.584292
0,3.585474
0,3.587672
0,3.589471
0,3.591493
0,3.59336
0,3.595184
0,3.597071
0,3.598961
0,3.600874
0,3.602656
0,3.604568
0,3.606485
0,3.608358
0,3.610331
0,3.612185
0,3.614063
0,3.616076
0,3.618001
0,3.619794
0,3.621676
0,3.623559
0,3.625484
0,3.627359
0,3.629186
0,3.631061
0,3.63296
0,3.635101
0,3.637059
0,3.638854
0,3.640682
0,3.642561
0,3.644527
0,3.646357
0,3.648263
0,3.650159
0,3.65208
0,3.655703
0,3.657788
0,3.662754
0,3.665177
0,3.670714
0,3.672662
0,3.674701
0,3.67844
0.5236,3.681287
0.5236,3.683682
0.5236,3.685952
0.5236,3.688197
0.4954,3.690373
0.4954,3.694107
0.4954,3.698299
0.4954,3.701929
0.4954,3.705112
0.4954,3.707622
0.4954,3.710331
0.4394,3.719588
0.4394,3.722947
0.4394,3.725679
0.4394,3.730777
0.4394,3.735227
0.4394,3.737536
0.3559,3.742524
0.3559,3.745138
0.3559,3.748065
0.3559,3.752382
0.3559,3.7556
0.3559,3.757915
0.3559,3.762496
0.2646,3.766326
0.2646,3.769875
0.2646,3.774177
0.2646,3.77748
0.2646,3.7808
0.2646,3.783209
0.2646,3.785474
0.2646,3.78822
0.2027,3.792222
0.2027,3.795151
0.2027,3.799119
0.2027,3.802566
0.2027,3.804904
0.2027,3.808723
0.2027,3.812675
0.1597,3.817039
0.1597,3.822268
0.1597,3.825337
0.1597,3.830236
0.1597,3.835284
0.1222,3.840267
0.1222,3.84445
0.1222,3.84905
0.1222,3.852934
0.1222,3.855623
0.1222,3.858822
0.1222,3.862107
0.0964,3.865418
0.0964,3.873481
0.0964,3.885853
0.0964,3.887992
0.0737,3.892825
0.0737,3.897771
0.0737,3.903834
0.0737,3.907564
0.0737,3.912527
0.0582,3.916607
0.0582,3.920948
0.0582,3.924504
0.0582,3.928303
0.0582,3.936062
0.0444,3.940372
0.0444,3.943612
0.0444,3.947909
0.0444,3.950112
0.0444,3.952337
0.0444,3.954913
0.0444,3.95713
0.0444,3.959687
0.0444,3.963176
0.0351,3.966864
0.0351,3.970449
0.0351,3.974081
0.0351,3.976897
0.0351,3.979513
0.0351,3.982337
0.0351,3.984434
0.0351,3.98655
0.0351,3.988602
0.0268,3.990687
0.0268,3.993103
0.0268,3.995491
0.0268,3.998213
0.0268,4.000181
0.0268,4.00226
0.0268,4.004296
0.0268,4.006305
0.0268,4.008288
0.0268,4.010567
0.0268,4.012705
0.0268,4.014812
0.0212,4.016803
0.0212,4.019441
0.0212,4.022032
0.0212,4.024285
0.0212,4.026812
0.0212,4.029296
0.0212,4.031453
0.0212,4.033353
0.0212,4.035313
0.0212,4.037282
0.0212,4.039145
0.0161,4.041413
0.0161,4.043358
0.0161,4.045269
0.0161,4.047169
0.0161,4.04908
0.0161,4.050966
0.0161,4.052888
0.0161,4.05477
0.0161,4.056678
0.0161,4.058658
0.0161,4.060719
0.0161,4.06259
0.0161,4.064553
0.0128,4.066467
0.0128,4.068375
0.0128,4.070153
0.0128,4.072085
0.0128,4.073979
0.0128,4.075751
0.0128,4.077687
0.0128,4.079571
0.0128,4.081477
0.0128,4.083292
0.0128,4.085213
0.0128,4.08706
0.0128,4.088963
0.0097,4.09075
0.0097,4.092664
0.0097,4.094594
0.0097,4.096494
0.0097,4.098415
0.0097,4.100278
0.0097,4.102131
0.0097,4.104069
0.0097,4.105984
0.0097,4.107884
0.0097,4.109864
0.0097,4.111659
0.0097,4.113765
0.0077,4.116121
0.0077,4.11839
0.0077,4.120187
0.0077,4.121959
0.0077,4.123886
0.0077,4.125768
0.0077,4.127643
0.0077,4.129569
0.0077,4.131768
0.0077,4.133669
0.0077,4.135468
0.0077,4.137372
0.0077,4.139291
0.0059,4.141258
0.0059,4.143455
0.0059,4.144944
0.0059,4.146853
0.0059,4.14926
0.0059,4.151553
0.0059,4.153363
0.0059,4.155662
0.0059,4.157276
0.0059,4.159278
0.0059,4.161115
0.0059,4.163097
0.0047,4.165159
0.0047,4.167177
0.0047,4.168964
0.0047,4.170865
0.0047,4.172756
0.0047,4.17469
0.0047,4.17678
0.0047,4.178351
0.0047,4.182072
0.0047,4.187891
0.0035,4.192491
0.0035,4.194657
0.0035,4.197548
0.0035,4.199993
0.0035,4.202332
0.0035,4.204577
0.0035,4.207086
0.0035,4.209384
0.0035,4.211622
0.0035,4.214135
0.0028,4.216669
0.0028,4.219075
0.0028,4.221521
0.0028,4.223791
0.0028,4.227243
0.0028,4.230406
0.0028,4.236372
0.0028,4.238568
0.0021,4.240563
0.0021,4.24307
0.0021,4.245379
0.0021,4.248481
0.0021,4.250147
0.0021,4.252089
0.0021,4.253956
0.0021,4.255856
0.0021,4.257754
0.0021,4.259862
0.0021,4.261654
0.0021,4.263546
0.0017,4.265662
0.0017,4.269611
0.0017,4.270876
0.0017,4.273047
0.0017,4.274951
0.0017,4.27691
0.0017,4.278875
0.0017,4.280653
0.0017,4.282782
0.0017,4.284661
0.0017,4.28662
0.0017,4.288463
0.0013,4.29037
0.0013,4.292268
0.0013,4.294127
0.0013,4.295994
0.0013,4.297961
0.0013,4.299863
0.0013,4.301827
0.0013,4.303664
0.0013,4.305876
0.0013,4.307765
0.0013,4.310124
0.0013,4.311768
0.0013,4.313668
0.001,4.31558
0.001,4.317589
0.001,4.319372
0.001,4.321258
0.001,4.323193
0.001,4.324978
0.001,4.327262
0.001,4.329495
0.001,4.331362
0.001,4.333167
0.001,4.335098
0.001,4.33698
0.001,4.338771
0.0008,4.340689
0.0008,4.342961
0.0008,4.344797
0.0008,4.346693
0.0008,4.348592
0.0008,4.350484
0.0008,4.354295
0.0008,4.355588
0.0008,4.357466
0.0008,4.359259
0.0008,4.361214
0.0008,4.363074
0.0008,4.364981
0.0006,4.366873
0.0006,4.369002
0.0006,4.370679
0.0006,4.372452
0.0006,4.374365
0.0006,4.376422
0.0006,4.378306
0.0006,4.38017
0.0006,4.382056
0.0006,4.38407
0.0006,4.385905
0.0006,4.387784
0.0006,4.389692
0.0005,4.391473
0.0005,4.393521
0.0005,4.39527
0.0005,4.397168
0.0005,4.399128
0.0005,4.400963
0.0005,4.402856
0.0005,4.404764
0.0005,4.406566
0.0005,4.408357
0.0005,4.410416
0.0005,4.41367
0.0004,4.416857
0.0004,4.418692
0.0004,4.420588
0.0004,4.422467
0.0004,4.424367
0.0004,4.426368
0.0004,4.42836
0.0004,4.433714
0.0004,4.435406
0.0004,4.437161
0.0004,4.439077
0.0003,4.440855
0.0003,4.442869
0.0003,4.444758
0.0003,4.446664
0.0003,4.448776
0.0003,4.450552
0.0003,4.452488
0.0003,4.454357
0.0003,4.456175
0.0003,4.458054
0.0003,4.460062
0.0003,4.461866
0.0003,4.463858
0.0002,4.465763
0.0002,4.467696
0.0002,4.469499
0.0002,4.471354
0.0002,4.473275
0.0002,4.475162
0.0002,4.477199
0.0002,4.479082
0.0002,4.480863
0.0002,4.482658
0.0002,4.484595
0.0002,4.486407
0.0002,4.488265
0.0002,4.490188
0.0002,4.492059
0.0002,4.493911
0.0002,4.496195
0.0002,4.498287
0.0002,4.500224
0.0002,4.502072
0.0002,4.503985
0.0002,4.50576
0.0002,4.50797
0.0002,4.51112
0.0002,4.513144
0.0002,4.515043
0.0001,4.519359
0.0001,4.520948
0.0001,4.523173
0.0001,4.524949
0.0001,4.526869
0.0001,4.528642
0.0001,4.531144
0.0001,4.533276
0.0001,4.538063
0.0001,4.542503
0.0001,4.544567
0.0001,4.546559
0.0001,4.548514
0.0001,4.55031
0.0001,4.552226
0.0001,4.554061
0.0001,4.555984
0.0001,4.557858
0.0001,4.560108
0.0001,4.561655
0.0001,4.563558
0.0001,4.565559
0.0001,4.56749
0.0001,4.569326
0.0001,4.571167
0.0001,4.573061
0.0001,4.574924
0.0001,4.576778
0.0001,4.578995
0.0001,4.581051
0.0001,4.583065
0.0001,4.585013
0.0001,4.586868
0.0001,4.588766
0.0001,4.590737
0.0001,4.592449
0.0001,4.594367
0.0001,4.596255
0.0001,4.598155
0.0001,4.600088
0.0001,4.606626
0.0001,4.607886
0.0001,4.610317
0.0001,4.612468
0.0001,4.614697
0.0001,4.616621
0.0001,4.618512
0.0001,4.620358
0.0001,4.622158
0.0001,4.624051
0.0001,4.625966
0.0001,4.627933
0.0001,4.629757
0.0001,4.631664
0.0001,4.633574
0.0001,4.635472
0.0001,4.637384
0.0001,4.639176
0,4.641087
0,4.64307
0,4.644954
0,4.647053
0,4.649181
0,4.651071
0,4.652899
0,4.65477
0,4.656762
0,4.658673
0,4.660619
0,4.662761
0,4.664659
0,4.666571
0,4.668508
0,4.670365
0,4.672172
0,4.674071
0,4.675967
0,4.677866
0,4.679656
0,4.681564
0,4.683382
0,4.687247
0,4.688487
0,4.690673
0,4.692462
0,4.694512
0,4.696391
0,4.69827
0,4.700177
0,4.702081
0,4.70398
0,4.705778
0,4.707668
0,4.709855
0,4.711569
0,4.713469
0,4.715365
0,4.717289
0,4.719171
0,4.720963
0,4.72286
0,4.724775
0,4.726672
0,4.728512
0,4.730265
0,4.732459
0,4.734364
0,4.736255
0,4.738066
0,4.740005
0,4.741886
0,4.743874
0,4.745763
0,4.747862
0,4.749668
0,4.751718
0,4.753362
0,4.755283
0,4.757182
0,4.758972
0,4.760881
0,4.762678
0,4.764568
0,4.76649
0,4.770255
0,4.77159
0,4.773796
0,4.775683
0,4.777583
0,4.779503
0,4.781376
0,4.783265
0,4.785239
0,4.787066
0,4.789157
0,4.79108
0,4.793065
0,4.794967
0,4.796884
0,4.798887
0,4.801067
0,4.802904
0,4.804765
0,4.806772
0,4.808583
0,4.810562
0,4.812461
0,4.814476
0,4.81637
0,4.818352
0,4.82059
0,4.822353
0,4.82426
0,4.82681
0,4.828359
0,4.830273
0,4.832312
0,4.834197
0,4.836008
0,4.838312
0,4.839782
0,4.841575
0,4.843592
0,4.845376
0,4.847257
0,4.849266
0,4.851269
0,4.855186
0,4.856468
0,4.858367
0,4.860592
0,4.862468
0,4.864686
0,4.866483
0,4.868432
0,4.870266
0,4.872056
0,4.873965
0,4.875875
0,4.877821
0,4.879668
0,4.881865
0,4.883872
0,4.885768
0,4.887558
0,4.889616
0,4.891356
0,4.893381
0,4.895167
0,4.89707
0,4.898971
0,4.900903
0,4.902678
0,4.904588
0,4.906361
0,4.908272
0,4.910258
0,4.91219
0,4.914067
0,4.916093
0,4.917978
0,4.919816
0,4.921658
0,4.923707
0,4.925568
0,4.927591
0,4.929492
0,4.931269
0,4.933172
0,4.935081
0,4.938701
0,4.939899
0,4.941771
0,4.94385
0,4.945816
0,4.948762
0,4.950674
0,4.952533
0,4.95437
0,4.956279
0,4.958171
0,4.960559
0,4.962365
0,4.964274
0,4.96619
0,4.968091
0,4.969929
0,4.971943
0,4.973662
0,4.975577
0,4.977417
0,4.979406
0,4.981269
0,4.983199
0,4.985055
0,4.986879
0,4.988761
0,4.990806
0,4.993075
0,4.994888
0,4.99676
0,4.998777
0,5.000569
0,5.002496
0,5.004366
0,5.006346
0,5.008192
0,5.010006
0,5.011869
0,5.013682
0,5.015646
0,5.019914
0,5.021176
0,5.023393
0,5.025192
0,5.027174
0,5.029067
0,5.031965
0,5.033861
0,5.03584
0,5.037668
0,5.039668
0,5.041579
0,5.04346
0,5.04526
0,5.047182
0,5.049171
0,5.051064
0,5.052961
0,5.054889
0,5.056777
0,5.058709
0,5.060589
0,5.062488
0,5.064773
0,5.066674
0,5.068552
0,5.070492
0,5.072993
0,5.07459
0,5.076773
0,5.078363
0,5.08016
0,5.082184
0,5.084086
0,5.085903
0,5.087752
0,5.089782
0,5.091568
0,5.093561
0,5.095358
0,5.097263
0,5.099169
0,5.101071
0,5.105585
0,5.106905
0,5.10867
0,5.11053
0,5.112371
0,5.114264
0,5.116392
0,5.118371
0,5.120287
0,5.128139
0,5.129917
0,5.132165
0,5.134362
0,5.136271
0,5.138071
0,5.139989
0,5.141862
0,5.143874
0,5.14576
0,5.147654
0,5.149679
0,5.151715
0,5.153472
0,5.155267
0,5.157338
0,5.15907
0,5.161023
0,5.162883
0,5.164758
0,5.166658
0,5.168659
0,5.170574
0,5.172466
0,5.174284
0,5.176161
0,5.178082
0,5.179968
0,5.181865
0,5.183768
0,5.187667
0,5.188859
0,5.190798
0,5.192562
0,5.194468
0,5.196395
0,5.198216
0,5.200062
0,5.20196
0,5.203763
0,5.205664
0,5.207558
0,5.209861
0,5.211658
0,5.21355
0,5.21557
0,5.217471
0,5.219314
0,5.221188
0,5.223062
0,5.224964
0,5.226976
0,5.228764
0,5.230656
0,5.2327
0,5.234602
0,5.236763
0,5.23856
0,5.240358
0,5.24227
0,5.244614
0,5.24647
0,5.248358
0,5.250289
0,5.252157
0,5.253965
0,5.256284
0,5.258074
0,5.260344
0,5.262212
0,5.264062
0,5.265971
0,5.267877
0,5.271893
0,5.273199
0,5.275381
0,5.27727
0,5.2792
0,5.28107
0,5.282991
0,5.285032
0,5.286665
0,5.288572
0,5.290491
0,5.292357
0,5.294196
0,5.296051
0,5.297974
0,5.299874
0,5.301777
0,5.303678
0,5.305451
0,5.307529
0,5.309375
0,5.311263
0,5.313199
0,5.314955
0,5.316858
0,5.318782
0,5.320693
0,5.32257
0,5.324515
0,5.326378
0,5.328262
0,5.330053
0,5.332073
0,5.333999
0,5.335809
0,5.337673
0,5.339582
0,5.34147
0,5.343364
0,5.345166
0,5.347091
0,5.348994
0,5.351067
0,5.354995
0,5.356273
0,5.358187
0,5.360073
0,5.361867
0,5.363762
0,5.365765
0,5.367775
0,5.369601
0,5.371495
0,5.373372
0,5.375288
0,5.377187
0,5.379072
0,5.380973
0,5.382986
0,5.384851
0,5.386665
0,5.388587
0,5.390462
0,5.393011
0,5.394562
0,5.396358
0,5.398292
0,5.400072
0,5.402015
0,5.403892
0,5.405662
0,5.407568
0,5.409466
0,5.411396
0,5.413266
0,5.415089
0,5.416976
0,5.418777
0,5.420679
0,5.422455
0,5.424369
0,5.426406
0,5.428222
0,5.430068
0,5.432053
0,5.433972
0,5.439445
0,5.440661
0,5.442667
0,5.444502
0,5.446384
0,5.448268
0,5.450089
0,5.451994
0,5.45416
0,5.456067
0,5.458041
0,5.46012
0,5.461667
0,5.463566
0,5.465468
0,5.467364
0,5.469286
0,5.471195
0,5.472973
0,5.474872
0,5.476777
0,5.478684
0,5.480561
0,5.482573
0,5.484577
0,5.486461
0,5.488371
0,5.490263
0,5.492276
0,5.494201
0,5.495956
0,5.497867
0,5.49977
0,5.501706
0,5.503561
0,5.505485
0,5.507265
0,5.509166
0,5.510981
0,5.512891
0,5.514663
0,5.516597
0,5.518504
0,5.523137
0,5.524357
0,5.526772
0,5.52847
0,5.53026
0,5.532379
0,5.534268
0,5.536206
0,5.53809
0,5.539977
0,5.541853
0,5.543872
0,5.545669
0,5.547564
0,5.549478
0,5.551374
0,5.553327
0,5.555162
0,5.557069
0,5.558965
0,5.56091
0,5.562765
0,5.565162
0,5.567168
0,5.56905
0,5.571
0,5.572872
0,5.574656
0,5.576698
0,5.578466
0,5.580367
0,5.582287
0,5.584175
0,5.585999
0,5.587976
0,5.589894
0,5.591796
0,5.593815
0,5.595668
0,5.597881
0,5.599792
0,5.601676
0,5.603476
0,5.608788
0,5.610009
0,5.612177
0,5.613962
0,5.615973
0,5.617798
0,5.619638
0,5.621583
0,5.623474
0,5.625369
0,5.627644
0,5.629481
0,5.631395
0,5.633166
0,5.635104
0,5.636966
0,5.638864
0,5.640774
0,5.642687
0,5.644503
0,5.646364
0,5.648292
0,5.650066
0,5.651968
0,5.65389
0,5.655765
0,5.65807
0,5.660017
0,5.661867
0,5.663659
0,5.665578
0,5.66748
0,5.669356
0,5.671165
0,5.67307
0,5.674871
0,5.676815
0,5.67866
0,5.680563
0,5.68258
0,5.684471
0,5.686247
0,5.68993
0,5.691196
0,5.693419
0,5.695267
0,5.697062
0,5.698961
0,5.700891
0,5.702766
0,5.704658
0,5.709583
0,5.713912
0,5.715626
0,5.717371
0,5.719192
0,5.721062
0,5.722988
0,5.725376
0,5.72722
0,5.729059
0,5.730962
0,5.732757
0,5.734684
0,5.736446
0,5.738258
0,5.740165
0,5.741953
0,5.743898
0,5.745789
0,5.747762
0,5.749691
0,5.751686
0,5.753359
0,5.75548
0,5.757291
0,5.759317
0,5.761163
0,5.762962
0,5.76507
0,5.766898
0,5.76879
0,5.772795
0,5.774068
0,5.776368
0,5.778222
0,5.780093
0,5.782071
0,5.783974
0,5.78588
0,5.78777
0,5.789562
0,5.791495
0,5.793367
0,5.795164
0,5.797072
0,5.799071
0,5.800984
0,5.803003
0,5.804865
0,5.806773
0,5.808657
0,5.810655
0,5.812463
0,5.814423
0,5.816284
0,5.818074
0,5.819973
0,5.821934
0,5.823771
0,5.82568
0,5.827605
0,5.829566
0,5.835457
0,5.83707
0,5.838951
0,5.840857
0,5.842754
0,5.844665
0,5.846462
0,5.84892
0,5.851047
0,5.853156
0,5.857111
0,5.858354
0,5.860575
0,5.86237
0,5.864506
0,5.866612
0,5.86856
0,5.870476
0,5.872394
0,5.874393
0,5.876374
0,5.87822
0,5.880064
0,5.882186
0,5.884013
0,5.885826
0,5.887659
0,5.889967
0,5.891875
0,5.893861
0,5.8958
0,5.897989
0,5.89976
0,5.901686
0,5.903461
0,5.905365
0,5.907389
0,5.909445
0,5.911252
0,5.913067
0,5.915458
0,5.917401
0,5.919179
0,5.921082
0,5.922964
0,5.924887
0,5.926764
0,5.928689
0,5.930562
0,5.932559
0,5.934481
0,5.936282
0,5.940182
0,5.941774
0,5.943998
0,5.94576
0,5.94777
0,5.949762
0,5.95173
0,5.953563
0,5.95536
0,5.957274
0,5.959172
0,5.961
0,5.962987
0,5.965565
0,5.967374
0,5.969295
0,5.971153
0,5.97309
0,5.974966
0,5.977075
0,5.978995
0,5.980754
0,5.982877
0,5.984875
0,5.986671
0,5.988473
0,5.990469
0,5.992373
0,5.994205
0,5.996095
0,5.997964
0,5.999872
0,6.001764
0,6.003672
0,6.005461
0,6.007394
0,6.009293
0,6.011113
0,6.012964
0,6.014988
0,6.016766
0,6.018752
0,6.020561
0,6.024292
0,6.025463
0,6.027768
0,6.029588
0,6.031465
0,6.033377
0,6.035201
0,6.037067
0,6.038876
0,6.040688
0,6.042573
0,6.044463
0,6.046374
0,6.04828
0,6.050159
0,6.05201
0,6.053868
0,6.056187
0,6.057974
0,6.060149
0,6.061769
0,6.063593
0,6.065585
0,6.067352
0,6.069217
0,6.071064
0,6.072968
0,6.074904
0,6.076774
0,6.078676
0,6.080458
0,6.082586
0,6.084481
0,6.086303
0,6.088176
0,6.090097
0,6.091965
0,6.093887
0,6.09577
0,6.098587
0,6.100572
0,6.102456
0,6.106444
0,6.107562
0,6.109934
0,6.111656
0,6.113558
0,6.115461
0,6.117361
0,6.119329
0,6.121195
0,6.123049
0,6.124991
0,6.126959
0,6.128765
0,6.130658
0,6.132707
0,6.134489
0,6.136302
0,6.138167
0,6.139969
0,6.141864
0,6.143926
0,6.145775
0,6.147688
0,6.149455
0,6.151358
0,6.153231
0,6.155083
0,6.156959
0,6.159259
0,6.161179
0,6.16306
0,6.164964
0,6.166904
0,6.168767
0,6.17056
0,6.172459
0,6.174379
0,6.176264
0,6.17825
0,6.180062
0,6.182153
0,6.183867
0,6.185702
0,6.187571
0,6.191555
0,6.193666
0,6.195257
0,6.197165
0,6.199091
0,6.200977
0,6.202817
0,6.204656
0,6.206589
0,6.208474
0,6.210534
0,6.212779
0,6.214585
0,6.216378
0,6.218266
0,6.220066
0,6.221926
0,6.223893
0,6.225673
0,6.22762
0,6.229458
0,6.231364
0,6.23315
0,6.235071
0,6.23688
0,6.23876
0,6.240762
0,6.242674
0,6.244498
0,6.246376
0,6.248288
0,6.250183
0,6.252021
0,6.253879
0,6.255756
0,6.257559
0,6.25948
0,6.261388
0,6.263266
0,6.265166
0,6.267067
0,6.268899
0,6.270793
0,6.272553
0,6.276237
0,6.277503
0,6.279562
0,6.281494
0,6.283267
0,6.285212
0,6.287058
0,6.289022
0,6.290851
0,6.292899
0,6.29476
0,6.296566
0,6.298595
0,6.306304
0,6.310479
0,6.312006
0,6.314089
0,6.316096
0,6.317873
0,6.319775
0,6.321568
0,6.323452
0,6.325389
0,6.327352
0,6.329167
0,6.331062
0,6.33286
0,6.335104
0,6.336792
0,6.338569
0,6.340474
0,6.342379
0,6.344236
0,6.346077
0,6.347987
0,6.34986
0,6.35175
0,6.353972
0,6.355873
0,6.359646
0,6.36089
0,6.362959
0,6.364981
0,6.366765
0,6.368669
0,6.370493
0,6.372361
0,6.374259
0,6.376167
0,6.378375
0,6.38016
0,6.382087
0,6.384293
0,6.386269
0,6.388169
0,6.390316
0,6.392207
0,6.394131
0,6.395971
0,6.398073
0,6.399996
0,6.401812
0,6.403696
0,6.405564
0,6.407819
0,6.4101
0,6.411973
0,6.413889
0,6.415771
0,6.417959
0,6.42027
0,6.42247
0,6.424285
0,6.426059
0,6.428006
0,6.429868
0,6.431667
0,6.433576
0,6.435807
0,6.440467
0,6.442277
0,6.444471
0,6.44631
0,6.448268
0,6.450173
0,6.452054
0,6.453973
0,6.455879
0,6.457695
0,6.459669
0,6.461662
0,6.463876
0,6.46575
0,6.467668
0,6.469526
0,6.471368
0,6.473257
0,6.475166
0,6.477192
0,6.479164
0,6.481081
0,6.483062
0,6.485018
0,6.488166
0,6.490875
0,6.493445
0,6.495267
0,6.497599
0,6.499599
0,6.501408
0,6.503231
0,6.505183
0,6.507066
0,6.508963
0,6.510983
0,6.512761
0,6.514902
0,6.51679
0,6.518653
0,6.520466
0,6.526082
0,6.527521
0,6.529776
0,6.531679
0,6.533667
0,6.535556
0,6.537486
0,6.539392
0,6.541269
0,6.543376
0,6.54507
0,6.546866
0,6.548862
0,6.550687
0,6.55261
0,6.554472
0,6.556259
0,6.558171
0,6.560165
0,6.562187
0,6.564063
0,6.566372
0,6.567857
0,6.569752
0,6.571557
0,6.573477
0,6.575368
0,6.577276
0,6.57917
0,6.580955
0,6.582777
0,6.585092
0,6.586864
0,6.588656
0,6.590557
0,6.592573
0,6.594356
0,6.596287
0,6.598572
0,6.600496
0,6.602285
0,6.60663
0,6.607777
0,6.610065
0,6.611975
0,6.613761
0,6.615799
0,6.617573
0,6.619459
0,6.62128
0,6.62318
0,6.624969
0,6.627017
0,6.628869
0,6.630759
0,6.63276
0,6.63467
0,6.636493
0,6.638376
0,6.640303
0,6.642061
0,6.643989
0,6.645757
0,6.647959
0,6.649755
0,6.651729
0,6.653571
0,6.655361
0,6.657258
0,6.65916
0,6.661448
0,6.663185
0,6.665086
0,6.666868
0,6.668773
0,6.670663
0,6.672455
0,6.674402
0,6.676371
0,6.678205
0,6.680047
0,6.682077
0,6.683966
0,6.69245
0,6.694591
0,6.696772
0,6.698656
0,6.700612
0,6.702502
0,6.704374
0,6.706283
0,6.708187
0,6.710023
0,6.711894
0,6.714056
0,6.716058
0,6.717978
0,6.719862
0,6.721966
0,6.723676
0,6.725473
0,6.727398
0,6.729272
0,6.731162
0,6.733092
0,6.735
0,6.736811
0,6.738685
0,6.740563
0,6.742466
0,6.744387
0,6.746571
0,6.748494
0,6.750298
0,6.752097
0,6.753959
0,6.755889
0,6.757772
0,6.759696
0,6.761566
0,6.763464
0,6.765498
0,6.767387
0,6.769177
0,6.77107
0,6.774769
0,6.775856
0,6.778193
0,6.779958
0,6.781976
0,6.783888
0,6.785767
0,6.78757
0,6.78937
0,6.791362
0,6.79335
0,6.795163
0,6.797066
0,6.799084
0,6.801044
0,6.802818
0,6.804659
0,6.806552
0,6.80847
0,6.810491
0,6.812431
0,6.81426
0,6.816169
0,6.818073
0,6.81986
0,6.822148
0,6.823787
0,6.825784
0,6.827604
0,6.829453
0,6.831469
0,6.833385
0,6.8356
0,6.83747
0,6.839288
0,6.841057
0,6.843539
0,6.844957
0,6.846884
0,6.852799
0,6.854661
0,6.85887
0,6.860337
0,6.862447
0,6.864382
0,6.866251
0,6.868351
0,6.870074
0,6.871964
0,6.873851
0,6.875807
0,6.877708
0,6.879568
0,6.881597
0,6.883872
0,6.885706
0,6.887563
0,6.889464
0,6.891257
0,6.893454
0,6.894969
0,6.896864
0,6.898888
0,6.900651
0,6.902586
0,6.904474
0,6.906371
0,6.908376
0,6.910465
0,6.912387
0,6.914263
0,6.916189
0,6.91799
0,6.919912
0,6.921942
0,6.923689
0,6.92557
0,6.927537
0,6.929354
0,6.931267
0,6.933066
0,6.935002
0,6.936869
0,6.940748
0,6.942256
0,6.944524
0,6.946381
0,6.948275
0,6.950185
0,6.951977
0,6.953773
0,6.955766
0,6.957567
0,6.959845
0,6.961863
0,6.96385
0,6.965805
0,6.967574
0,6.969413
0,6.971477
0,6.973295
0,6.975187
0,6.977428
0,6.979167
0,6.980961
0,6.982985
0,6.984908
0,6.986784
0,6.988651
0,6.990568
0,6.992467
0,6.99428
0,6.99605
0,6.997978
0,6.999889
0,7.001718
0,7.003555
0,7.005465
0,7.007374
0,7.009187
0,7.011059
0,7.01287
0,7.014769
0,7.016672
0,7.018593
0,7.020585
0,7.024346
0,7.025563
0,7.027873
0,7.029775
0,7.031787
0,7.03368
0,7.03551
0,7.037367
0,7.039293
0,7.041177
0,7.043452
0,7.044961
0,7.047167
0,7.049072
0,7.05088
0,7.05306
0,7.054979
0,7.056923
0,7.058972
0,7.060918
0,7.062773
0,7.064676
0,7.066491
0,7.068389
0,7.070175
0,7.072069
0,7.078427
0,7.079935
0,7.08216
0,7.084391
0,7.086154
0,7.087973
0,7.089856
0,7.091817
0,7.093856
0,7.095666
0,7.097569
0,7.099492
0,7.101391
0,7.103197
0,7.105059
0,7.109743
0,7.110919
0,7.11306
0,7.115039
0,7.116998
0,7.118839
0,7.120826
0,7.122466
0,7.124357
0,7.126412
0,7.128273
0,7.130566
0,7.132474
0,7.134273
0,7.136184
0,7.13819
0,7.140068
0,7.142256
0,7.143856
0,7.145757
0,7.147861
0,7.149796
0,7.151692
0,7.153562
0,7.155367
0,7.157259
0,7.15927
0,7.161286
0,7.163062
0,7.16517
0,7.167155
0,7.16905
0,7.170857
0,7.172673
0,7.174589
0,7.176354
0,7.178285
0,7.180164
0,7.182171
0,7.183981
0,7.185853
0,7.187663
0,7.191497
0,7.192966
0,7.195197
0,7.196952
0,7.198969
0,7.200766
0,7.202668
0,7.204567
0,7.206493
0,7.208388
0,7.210684
0,7.212472
0,7.21426
0,7.216163
0,7.218181
0,7.219859
0,7.221962
0,7.224167
0,7.225964
0,7.227964
0,7.229895
0,7.231771
0,7.233672
0,7.235508
0,7.237376
0,7.239257
0,7.241214
0,7.243446
0,7.244975
0,7.246871
0,7.249032
0,7.250778
0,7.252647
0,7.254456
0,7.256377
0,7.258263
0,7.260441
0,7.262263
0,7.264174
0,7.266225
0,7.267953
0,7.269876
0,7.271946
0,7.275662
0,7.276859
0,7.278961
0,7.281262
0,7.283081
0,7.285061
0,7.286877
0,7.288693
0,7.290581
0,7.292469
0,7.294359
0,7.296164
0,7.298382
0,7.300171
0,7.302039
0,7.303867
0,7.305767
0,7.30767
0,7.309687
0,7.311908
0,7.313762
0,7.315765
0,7.317661
0,7.319535
0,7.321379
0,7.323253
0,7.325175
0,7.327154
0,7.328972
0,7.330862
0,7.332779
0,7.33468
0,7.336575
0,7.338477
0,7.340373
0,7.342276
0,7.344105
0,7.345857
0,7.347771
0,7.349661
0,7.351704
0,7.353487
0,7.35575
0,7.361886
0,7.364262
0,7.368007
0,7.3697
0,7.371949
0,7.373835
0,7.375665
0,7.37747
0,7.379379
0,7.381592
0,7.383384
0,7.385255
0,7.387161
0,7.388951
0,7.390971
0,7.393564
0,7.395369
0,7.397289
0,7.399258
0,7.401271
0,7.403227
0,7.405087
0,7.40708
0,7.408962
0,7.410894
0,7.412794
0,7.414828
0,7.416749
0,7.418571
0,7.420499
0,7.422782
0,7.424714
0,7.426766
0,7.428368
0,7.430256
0,7.432375
0,7.43427
0,7.43613
0,7.437953
0,7.43988
0,7.444552
0,7.446071
0,7.448302
0,7.450075
0,7.451937
0,7.453784
0,7.455665
0,7.457599
0,7.459501
0,7.461364
0,7.463172
0,7.465067
0,7.472349
0,7.474399
0,7.476716
0,7.478359
0,7.480153
0,7.482179
0,7.484057
0,7.485961
0,7.487758
0,7.489779
0,7.49157
0,7.493498
0,7.495255
0,7.497171
0,7.49917
0,7.501083
0,7.50286
0,7.505047
0,7.506969
0,7.508795
0,7.510657
0,7.512573
0,7.514353
0,7.516291
0,7.518357
0,7.520378
0,7.522057
0,7.528152
0,7.529357
0,7.531563
0,7.533375
0,7.535265
0,7.537067
0,7.538896
0,7.540767
0,7.542662
0,7.544582
0,7.546472
0,7.54836
0,7.550281
0,7.552175
0,7.554071
0,7.556
0,7.557868
0,7.559831
0,7.561684
0,7.56356
0,7.565584
0,7.567524
0,7.569313
0,7.571157
0,7.573333
0,7.575066
0,7.57718
0,7.579069
0,7.581485
0,7.583381
0,7.585269
0,7.587183
0,7.589067
0.0282,7.591068
0.0282,7.593058
0.0282,7.595002
0.0282,7.596867
0.0282,7.598787
0.0282,7.600973
0.0282,7.602802
0.0282,7.604674
0.0282,7.606586
0.0282,7.608473
0.0282,7.610475
0.0282,7.612475
0.0282,7.614592
0.0842,7.616364
0.0842,7.618443
0.0842,7.620169
0.0842,7.621953
0.0842,7.623956
0.0842,7.625975
0.0842,7.627871
0.1548,7.673559
0.1548,7.677299
0.1548,7.681462
0.1548,7.684585
0.1548,7.687752
0.1766,7.691062
0.1766,7.694274
0.1766,7.702219
